school_code,school_name,group_code,group_id,plan_count,admitted,min_score,min_rank,year,subject,xuanke_req,is_special
10001,北京大学,201,01,24,24,662,32,2024,历史,不限,否
10002,中国人民大学,201,01,49,49,648,150,2024,历史,不限,否
10002,中国人民大学,205,05,5,5,659,53,2024,历史,不限,否
10003,清华大学,201,01,4,5,665,19,2024,历史,不限,否
10004,北京交通大学,201,01,11,11,594,3847,2024,历史,不限,否
10006,北京航空航天大学,W201,01,8,8,625,818,2024,历史,不限,否
10007,北京理工大学,201,01,20,20,611,1765,2024,历史,不限,否
10008,北京科技大学                            X,1201,01,2,2,593,3913,2024,历史,不限,否
10008,北京科技大学                       冏人,202,02,2,2,597,3312,2024,历史,不限,否
10008,北京科技大学                       &gt;&gt;,203,03,2,2,596,3469,2024,历史,不限,否
10010,北京化工大学             YV,201,01,12,12,577,6981,2024,历史,不限,否
10012,北京服装学院            VA,201,01,4,4,513,31068,2024,历史,不限,否
10015,北京印刷学院,201,01,2,2,531,22341,2024,历史,不限,否
10019,中国农业大学（中外合作办学）,201,01,6,6,583,5770,2024,历史,不限,否
10022,北京林业大学,201,01,13,13,575,7382,2024,历史,不限,否
10022,北京林业大学,205,05,3,3,576,7111,2024,历史,不限,否
10022,北京林业大学,206,06,2,2,580,6282,2024,历史,不限,否
10026,北京中医药大学,201,01,4,0,1582,5882,2024,历史,不限,否
10027,北京师范大学,201,01,16,0,636,378,2024,历史,不限,否
10027,北京师范大学,211,11,2,2,623,920,2024,历史,不限,否
10028,首都师范大学,202,02,30,8,584,5545,2024,历史,不限,否
10029,首都体育学院,201,01,30,4,521,27237,2024,历史,不限,否
10030,北京外国语大学,201,01,5,5,617,1282,2024,历史,不限,否
10030,北京外国语大学,202,02,13,13,604,2497,2024,历史,不限,否
10030,北京外国语大学,203,03,30,4,606,2229,2024,历史,不限,否
10031,北京第二外国语学院,201,01,3,3,572,8079,2024,历史,不限,否
10031,北京第二外国语学院,202,02,18,18,554,13173,2024,历史,不限,否
10031,北京第二外国语学院                      &gt;,203,03,3,3,575,7462,2024,历史,不限,否
10032,北京语言大学,201,01,25,25,570,8625,2024,历史,不限,否
10032,北京语言大学                        &gt;&gt;,202,02,3,3,579,6469,2024,历史,不限,否
10033,中国传媒大学            XX,209,09,4,4,594,3819,2024,历史,不限,否
10034,中央财经大学,201,01,35,35,608,2019,2024,历史,不限,否
10037,北京物资学院,201,01,2,2,532,21577,2024,历史,不限,否
10038,首都经济贸易大学,201,01,4,4,571,8355,2024,历史,不限,否
10043,北京体育大学,201,01,4,4,574,7703,2024,历史,不限,否
10043,北京体育大学,202,02,2,2,574,7733,2024,历史,不限,否
10046,中国音乐学院,201,01,1,0,566,9685,2024,历史,不限,否
10047,中央美术学院,201,01,4,0,582,5966,2024,历史,不限,否
10047,中央美术学院（中外合作办学）,202,02,4,4,570,8599,2024,历史,不限,否
10048,中央戏剧学院,201,01,12,12,565,9875,2024,历史,不限,否
10049,中国戏曲学院,201,01,1,1,556,12450,2024,历史,不限,否
10049,中国戏曲学院,202,02,3,3,558,12004,2024,历史,不限,否
10050,北京电影学院,201,01,2,2,580,6279,2024,历史,不限,否
10050,北京电影学院,204,04,3,3,580,6346,2024,历史,不限,否
10050,北京电影学院,205,05,2,2,576,7270,2024,历史,不限,否
10050,北京电影学院,206,06,2,2,573,7904,2024,历史,不限,否
10050,北京电影学院,207,07,2,2,587,4890,2024,历史,不限,否
10050,北京电影学院,208,08,3,3,573,7895,2024,历史,不限,否
10052,中央民族大学,202,02,48,48,601,2938,2024,历史,不限,否
10053,中国政法大学,201,01,5,5,611,1773,2024,历史,不限,否
10053,中国政法大学,202,02,2,2,605,2361,2024,历史,不限,否
10053,中国政法大学,203,03,64,64,606,2297,2024,历史,不限,否
10053,中国政法大学,204,04,8,8,608,2094,2024,历史,不限,否
10054,华北电力大学（北京）,202,02,9,9,579,6457,2024,历史,不限,否
10055,南开大学,201,01,30,30,627,711,2024,历史,不限,否
10056,天津大学,W201,01,13,13,603,2667,2024,历史,不限,否
10056,天津大学（中外合作办学）             二,202,02,5,5,597,3324,2024,历史,不限,否
10057,天津科技大学                           X,201,01,4,4,534,20950,2024,历史,不限,否
10057,天津科技大学（中外合作办学）     人,202,02,2,2,530,22645,2024,历史,不限,否
10058,天津工业大学                   1   &gt;&gt;,201,01,6,6,522,26680,2024,历史,不限,否
10059,中国民航大学             XV,201,01,16,16,544,17008,2024,历史,不限,否
10059,中国民航大学            VVA,204,04,1,1,549,15088,2024,历史,不限,否
10063,天津中医药大学,201,01,4,4,529,23107,2024,历史,不限,否
10063,天津中医药大学,202,02,3,3,458,69157,2024,历史,不限,否
10065,天津师范大学A,201,01,21,21,529,23368,2024,历史,不限,否
10065,天津师范大学,204,04,1,1,562,10806,2024,历史,不限,否
10068,天津外国语大学,201,01,14,14,1530,22612,2024,历史,不限,否
10068,天津外国语大学,206,06,2,2,547,15839,2024,历史,不限,否
10069,天津商业大学,201,01,3,3,519,27949,2024,历史,不限,否
10069,天津商业大学,202,02,28,28,516,29706,2024,历史,不限,否
10069,天津商业大学（中外合作办学）,203,03,4,4,509,33401,2024,历史,不限,否
10070,天津财经大学(中外合作办学),202,02,2,2,530,22900,2024,历史,不限,否
10071,天津体育学院,201,01,4,4,499,39772,2024,历史,不限,否
10073,天津美术学院,201,01,2,2,506,35405,2024,历史,不限,否
10077,河北地质大学,201,01,6,6,507,34854,2024,历史,不限,否
10079,华北电力大学（保定）                       A,202,02,10,10,570,8621,2024,历史,不限,否
10081,华北理工大学（中外合作办学）,201,01,2,2,494,42646,2024,历史,不限,否
10081,华北理工大学                        &gt;,202,02,3,3,531,22372,2024,历史,不限,否
10081,华北理工大学                        K,203,03,2,2,506,35442,2024,历史,不限,否
10089,河北医科大学                             Y,201,01,3,3,529,22948,2024,历史,不限,否
10094,河北师范大学,201,01,3,3,557,12174,2024,历史,不限,否
10101,衡水学院,201,01,2,2,495,42335,2024,历史,不限,否
10105,沧州师范学院,201,01,2,2,495,42204,2024,历史,不限,否
10105,沧州师范学院,202,02,5,5,495,41933,2024,历史,不限,否
10107,石家庄铁道大学,201,01,3,3,510,32933,2024,历史,不限,否
10108,山西大学,201,01,11,0,558,12083,2024,历史,不限,否
10110,中北大学,202,02,6,6,511,32530,2024,历史,不限,否
10113,山西农业大学,201,01,2,0,498,40304,2024,历史,不限,否
10113,山西农业大学,202,02,2,2,503,36978,2024,历史,不限,否
10118,山西师范大学,201,01,7,7,524,25614,2024,历史,不限,否
10120,山西大同大学,201,01,5,5,493,43498,2024,历史,不限,否
10125,山西财经大学,201,01,4,4,508,34153,2024,历史,不限,否
10126,内蒙古大学,201,01,2,2,549,15076,2024,历史,不限,否
10126,内蒙古大学,202,02,1,1,550,14753,2024,历史,不限,否
10126,内蒙古大学,203,03,13,13,547,15487,2024,历史,不限,否
10126,内蒙古大学,204,04,4,4,543,17230,2024,历史,不限,否
10127,内蒙古科技大学,201,01,13,13,492,43877,2024,历史,不限,否
10127,内蒙古科技大学,202,02,3,3,495,42249,2024,历史,不限,否
10129,内蒙古农业大学,201,01,4,4,493,43433,2024,历史,不限,否
10135,内蒙古师范大学,201,01,5,5,500,38687,2024,历史,不限,否
10136,内蒙古民族大学,201,01,6,6,491,44613,2024,历史,不限,否
10140,辽宁大学,201,01,2,2,569,8920,2024,历史,不限,否
10140,辽宁大学（联合培养）,202,02,2,2,563,10445,2024,历史,不限,否
10140,辽宁大学,203,03,34,34,563,10393,2024,历史,不限,否
10140,辽宁大学（联合培养）,204,04,3,3,545,16630,2024,历史,不限,否
10140,辽宁大学（中外合作办学）,W2051,51,2,2,552,13990,2024,历史,不限,否
10140,辽宁大学(中外合作办学）,206,06,1,1,541,17999,2024,历史,不限,否
10140,辽宁大学（中外合作办学）,207,07,1,1,551,14307,2024,历史,不限,否
10140,辽宁大学（中外合作办学）              人,208,08,1,1,566,9630,2024,历史,不限,否
10140,辽宁大学(中外合作办学),209,09,2,2,555,12828,2024,历史,不限,否
10140,辽宁大学（中外合作办学）,210,10,3,3,545,16623,2024,历史,不限,否
10141,大连理工大学             W,201,01,25,25,588,4705,2024,历史,不限,否
10142,沈阳工业大学,201,01,8,8,505,35847,2024,历史,不限,否
10147,辽宁工程技术大学,201,01,10,10,492,43867,2024,历史,不限,否
10150,大连交通大学（中外合作办学）,201,01,3,3,499,39905,2024,历史,不限,否
10151,大连海事大学(中外合作办学),202,02,1,1,591,4338,2024,历史,不限,否
10152,大连工业大学,203,03,1,1,493,43743,2024,历史,不限,否
10163,沈阳药科大学,201,01,1,0,527,23921,2024,历史,不限,否
10165,辽宁师范大学（中外合作办学）,201,01,4,4,488,46817,2024,历史,不限,否
10166,沈阳师范大学（中外合作办学）,201,01,30,4,485,48666,2024,历史,不限,否
10167,渤海大学,201,01,2,2,498,40524,2024,历史,不限,否
10167,渤海大学,2027,27,1,1,515,30067,2024,历史,不限,否
10169,鞍山师范学院,201,01,1,1,493,43178,2024,历史,不限,否
10172,大连外国语大学,201,01,1,1,546,15955,2024,历史,不限,否
10172,大连外国语大学,202,02,14,14,529,23183,2024,历史,不限,否
10173,东北财经大学,201,01,2,2,545,16349,2024,历史,不限,否
10173,东北财经大学,202,02,8,8,571,8346,2024,历史,不限,否
10173,东北财经大学（中外合作办学） 1&gt;&gt;,203,03,2,2,547,15514,2024,历史,不限,否
10173,东北财经大学（中外合作办学）,204,04,4,4,537,19796,2024,历史,不限,否
10173,东北财经大学（中外合作办学）,206,06,2,2,552,13826,2024,历史,不限,否
10173,东北财经大学（中外合作办学）,207,07,2,2,536,20018,2024,历史,不限,否
10173,东北财经大学（中外合作办学）,208,08,2,2,546,16134,2024,历史,不限,否
10177,沈阳音乐学院,201,01,2,2,494,42931,2024,历史,不限,否
10183,吉林大学,201,01,5,5,597,3339,2024,历史,不限,否
10183,吉林大学,202,02,10,10,603,2599,2024,历史,不限,否
10183,吉林大学,203,03,4,4,600,2989,2024,历史,不限,否
10183,吉林大学,205,05,7,0,597,3350,2024,历史,不限,否
10183,吉林大学,217,17,4,4,626,765,2024,历史,不限,否
10184,延边大学,201,01,6,6,524,25672,2024,历史,不限,否
10186,长春理工大学,201,01,2,2,510,32862,2024,历史,不限,否
10186,长春理工大学,202,02,17,17,499,39298,2024,历史,不限,否
10186,长春理工大学,203,03,5,5,502,37909,2024,历史,不限,否
10188,东北电力大学,201,01,3,3,519,27762,2024,历史,不限,否
10200,东北师范大学,201,01,2,2,596,3458,2024,历史,不限,否
10200,东北师范大学,202,02,5,5,587,5010,2024,历史,不限,否
10200,东北师范大学,203,03,2,2,602,2747,2024,历史,不限,否
10200,东北师范大学,210,10,2,2,586,5022,2024,历史,不限,否
10201,北华大学,201,01,2,2,500,38886,2024,历史,不限,否
10201,北华大学,202,02,11,11,498,40454,2024,历史,不限,否
10203,吉林师范大学,201,01,4,4,505,36103,2024,历史,不限,否
10203,吉林师范大学,202,02,2,2,531,22280,2024,历史,不限,否
10205,长春师范大学,201,01,2,2,500,39261,2024,历史,不限,否
10205,长春师范大学,202,02,8,8,521,26988,2024,历史,不限,否
10207,吉林财经大学,201,01,1,1,517,28916,2024,历史,不限,否
10207,吉林财经大学,203,03,13,13,520,27390,2024,历史,不限,否
10207,吉林财经大学(中外合作办学),W204,04,4,4,507,34544,2024,历史,不限,否
10212,黑龙江大学                              1,201,01,39,39,505,35923,2024,历史,不限,否
10214,哈尔滨理工大学                        X,201,01,12,12,500,39165,2024,历史,不限,否
10214,哈尔滨理工大学                      人,202,02,8,8,497,41150,2024,历史,不限,否
10216,燕山大学                            &gt;,201,01,6,6,522,26548,2024,历史,不限,否
10216,燕山大学                   XV,202,02,4,4,537,19453,2024,历史,不限,否
10217,哈尔滨工程大学         M,201,01,3,3,575,7319,2024,历史,不限,否
10219,黑龙江科技大学,201,01,3,3,494,42777,2024,历史,不限,否
10219,黑龙江科技大学   T,202,02,15,15,494,42981,2024,历史,不限,否
10219,黑龙江科技大学,203,03,2,2,499,39793,2024,历史,不限,否
10220,东北石油大学,202,02,3,3,507,34802,2024,历史,不限,否
10222,佳木斯大学,201,01,15,15,1492,44211,2024,历史,不限,否
10224,东北农业大学,201,01,4,0,565,9793,2024,历史,不限,否
10224,东北农业大学,202,02,5,5,556,12452,2024,历史,不限,否
10224,东北农业大学（中外合作办学）,203,03,2,2,543,17196,2024,历史,不限,否
10225,东北林业大学,201,01,6,6,558,11919,2024,历史,不限,否
10231,哈尔滨师范大学,201,01,5,5,523,26277,2024,历史,不限,否
10231,哈尔滨师范大学,202,02,13,13,498,40529,2024,历史,不限,否
10231,哈尔滨师范大学,203,03,30,2,541,17982,2024,历史,不限,否
10232,齐齐哈尔大学,201,01,17,17,493,43629,2024,历史,不限,否
10232,齐齐哈尔大学,202,02,4,4,493,43126,2024,历史,不限,否
10232,齐齐哈尔大学,203,03,3,3,493,43388,2024,历史,不限,否
10233,牡丹江师范学院,201,01,4,4,492,44219,2024,历史,不限,否
10233,牡丹江师范学院                     &gt;&gt;,202,02,15,15,492,43868,2024,历史,不限,否
10234,哈尔滨学院                          K,201,01,1,1,493,43663,2024,历史,不限,否
10234,哈尔滨学院                               ?,202,02,9,9,493,43214,2024,历史,不限,否
10234,哈尔滨学院,203,03,1,1,499,39872,2024,历史,不限,否
10240,哈尔滨商业大学,201,01,10,10,490,45385,2024,历史,不限,否
10240,哈尔滨商业大学,202,02,18,18,500,39063,2024,历史,不限,否
10242,哈尔滨体育学院,201,01,4,4,490,45247,2024,历史,不限,否
10242,哈尔滨体育学院,202,02,4,4,491,44523,2024,历史,不限,否
10245,哈尔滨金融学院,201,01,6,6,491,44765,2024,历史,不限,否
10246,复旦大学,201,01,5,0,656,69,2024,历史,不限,否
10246,复旦大学,202,02,13,13,652,113,2024,历史,不限,否
10247,同济大学,201,01,8,8,630,568,2024,历史,不限,否
10248,上海交通大学,201,01,2,0,656,68,2024,历史,不限,否
10251,华东理工大学,201,01,6,6,588,4815,2024,历史,不限,否
10252,上海理工大学,201,01,2,2,565,9729,2024,历史,不限,否
10252,上海理工大学(中外合作办学),202,02,5,5,539,18742,2024,历史,不限,否
10254,上海海事大学,201,01,10,10,547,15665,2024,历史,不限,否
10255,东华大学,201,01,9,9,588,4677,2024,历史,不限,否
10264,上海海洋大学,201,01,9,9,554,13080,2024,历史,不限,否
10264,上海海洋大学(中外合作办学),202,02,10,10,530,22457,2024,历史,不限,否
10269,华东师范大学,201,01,19,19,611,1760,2024,历史,不限,否
10270,上海师范大学（中外合作办学）,201,01,3,3,552,13954,2024,历史,不限,否
10271,上海外国语大学,201,01,6,6,602,2792,2024,历史,不限,否
10271,上海外国语大学（中外合作办学）,202,02,6,6,598,3252,2024,历史,不限,否
10271,上海外国语大学,203,03,1,1,613,1629,2024,历史,不限,否
10272,上海财经大学,201,01,3,3,605,2441,2024,历史,不限,否
10272,上海财经大学,202,02,18,18,612,1659,2024,历史,不限,否
10274,上海海关学院,201,01,14,14,551,14385,2024,历史,不限,否
10276,华东政法大学,201,01,21,21,605,2429,2024,历史,不限,否
10277,上海体育大学,201,01,4,4,555,12973,2024,历史,不限,否
10278,上海音乐学院,W201,01,2,2,560,11225,2024,历史,不限,否
10279,上海戏剧学院                           U,201,01,4,4,561,10922,2024,历史,不限,否
10284,南京大学                                 X,201,01,24,24,641,249,2024,历史,不限,否
10285,苏州大学                              偈人,201,01,2,2,594,3811,2024,历史,不限,否
10285,苏州大学                            &gt;,202,02,4,4,596,3468,2024,历史,不限,否
10285,苏州大学                   XV,203,03,2,2,595,3594,2024,历史,不限,否
10285,苏州大学                  W,204,04,3,3,599,3066,2024,历史,不限,否
10286,东南大学,201,01,9,9,617,1308,2024,历史,不限,否
10288,南京理工大学      7,201,01,7,7,575,7479,2024,历史,不限,否
10289,江苏科技大学,201,01,5,5,519,28095,2024,历史,不限,否
10291,南京工业大学,201,01,12,12,536,20066,2024,历史,不限,否
10292,常州大学,201,01,4,0,522,26430,2024,历史,不限,否
10295,江南大学,201,01,4,4,579,6445,2024,历史,不限,否
10295,江南大学,202,02,11,11,572,8066,2024,历史,不限,否
10295,江南大学（中外合作办学）,203,03,30,2,575,7380,2024,历史,不限,否
10298,南京林业大学,201,01,2,2,560,11450,2024,历史,不限,否
10298,南京林业大学,202,02,6,6,562,10721,2024,历史,不限,否
10299,江苏大学,201,01,4,4,573,7925,2024,历史,不限,否
10300,南京信息工程大学,201,01,2,2,560,11136,2024,历史,不限,否
10300,南京信息工程大学,202,02,3,3,543,17438,2024,历史,不限,否
10300,南京信息工程大学,203,03,14,14,563,10410,2024,历史,不限,否
10304,南通大学,201,01,7,7,535,20337,2024,历史,不限,否
10304,南通大学,202,02,2,2,531,22199,2024,历史,不限,否
10304,南通大学                             &gt;&gt;&gt;,203,03,2,2,530,22624,2024,历史,不限,否
10304,南通大学                             K,204,04,2,2,542,17544,2024,历史,不限,否
10307,南京农业大学                             ?,201,01,11,11,574,7618,2024,历史,不限,否
10312,南京医科大学,201,01,1,1,562,10751,2024,历史,不限,否
10316,中国药科大学,201,01,4,4,578,6823,2024,历史,不限,否
10319,南京师范大学  ?,201,01,7,7,588,4714,2024,历史,不限,否
10320,江苏师范大学,201,01,2,2,528,23749,2024,历史,不限,否
10320,江苏师范大学,202,02,2,2,526,24790,2024,历史,不限,否
10320,江苏师范大学,203,03,2,2,528,23521,2024,历史,不限,否
10320,江苏师范大学,204,04,6,6,525,24842,2024,历史,不限,否
10327,南京财经大学,203,03,19,19,541,18216,2024,历史,不限,否
10331,南京艺术学院,201,01,6,6,527,23946,2024,历史,不限,否
10332,苏州科技大学,201,01,8,8,531,22286,2024,历史,不限,否
10335,浙江大学,201,01,38,38,640,271,2024,历史,不限,否
10336,杭州电子科技大学,201,01,20,20,536,20061,2024,历史,不限,否
10338,浙江理工大学,201,01,11,11,535,20628,2024,历史,不限,否
10341,浙江农林大学,201,01,8,8,527,24122,2024,历史,不限,否
10344,浙江中医药大学,201,01,1,1,530,22785,2024,历史,不限,否
10344,浙江中医药大学,202,02,2,2,529,23362,2024,历史,不限,否
10344,浙江中医药大学,203,03,2,2,507,34634,2024,历史,不限,否
10345,浙江师范大学,201,01,11,11,536,20091,2024,历史,不限,否
10345,浙江师范大学,202,02,7,7,518,28517,2024,历史,不限,否
10345,浙江师范大学,203,03,2,2,544,17029,2024,历史,不限,否
10345,浙江师范大学               S,204,04,2,2,573,7792,2024,历史,不限,否
10345,浙江师范大学（中外合作办学）,205,05,5,5,529,22918,2024,历史,不限,否
10346,杭州师范大学,201,01,5,5,534,20819,2024,历史,不限,否
10347,湖州师范学院,201,01,2,2,524,25440,2024,历史,不限,否
10349,绍兴文理学院,201,01,5,5,508,33875,2024,历史,不限,否
10351,温州大学,201,01,6,6,539,18913,2024,历史,不限,否
10351,温州大学,W202&gt;,02,2,2,525,24986,2024,历史,不限,否
10351,温州大学                                 1,203,03,2,2,532,21871,2024,历史,不限,否
10353,浙江工商大学                           X,201,01,17,17,541,17977,2024,历史,不限,否
10353,浙江工商大学                         偈人,202,02,4,4,537,19702,2024,历史,不限,否
10355,中国美术学院                       &gt;&gt;,201,01,7,7,535,20680,2024,历史,不限,否
10355,中国美术学院             XV,204,04,9,9,554,13218,2024,历史,不限,否
10357,安徽大学                  W,201,01,21,21,569,8777,2024,历史,不限,否
10359,合肥工业大学,201,01,5,5,571,8441,2024,历史,不限,否
10359,合肥工业大学      7,202,02,7,7,582,5973,2024,历史,不限,否
10360,安徽工业大学,201,01,2,2,518,28661,2024,历史,不限,否
10370,安徽师范大学,201,01,11,11,544,16711,2024,历史,不限,否
10372,安庆师范大学,201,01,5,5,498,40093,2024,历史,不限,否
10373,淮北师范大学,202,02,3,3,512,32015,2024,历史,不限,否
10373,淮北师范大学,203,03,3,3,526,24479,2024,历史,不限,否
10377,滁州学院,201,01,30,18,494,42618,2024,历史,不限,否
10377,滁州学院,202,02,2,2,494,42631,2024,历史,不限,否
10378,安徽财经大学,201,01,6,6,523,25893,2024,历史,不限,否
10378,安徽财经大学,202,02,8,8,533,21546,2024,历史,不限,否
10383,铜陵学院,201,01,30,13,490,45206,2024,历史,不限,否
10384,厦门大学,201,01,19,19,616,1403,2024,历史,不限,否
10384,厦门大学,202,02,4,4,630,558,2024,历史,不限,否
10384,厦门大学（马来西亚分校）                &gt;,203,03,11,11,590,4367,2024,历史,不限,否
10385,华侨大学,201,01,66,66,531,22407,2024,历史,不限,否
10385,华侨大学                            &gt;&gt;,204,04,2,2,548,15287,2024,历史,不限,否
10386,福州大学,201,01,3,3,579,6585,2024,历史,不限,否
10389,福建农林大学            XY,201,01,2,2,534,20939,2024,历史,不限,否
10389,福建农林大学（中外合作办学）,202,02,3,3,497,40858,2024,历史,不限,否
10389,福建农林大学（中外合作办学）,203,03,3,3,480,52566,2024,历史,不限,否
10390,集美大学,201,01,2,2,533,21151,2024,历史,不限,否
10390,集美大学,202,02,6,6,551,14316,2024,历史,不限,否
10394,福建师范大学,201,01,4,4,571,8411,2024,历史,不限,否
10394,福建师范大学,202,02,22,0,550,14681,2024,历史,不限,否
10394,福建师范大学,204,04,5,0,581,6008,2024,历史,不限,否
10394,福建师范大学（中外合作办学）,205,05,6,6,509,33224,2024,历史,不限,否
10395,闽江学院,201,01,4,4,521,27121,2024,历史,不限,否
10397,武夷学院,201,01,8,8,496,41586,2024,历史,不限,否
10399,泉州师范学院,201,01,4,4,529,23246,2024,历史,不限,否
10399,泉州师范学院,202,02,30,3,516,29707,2024,历史,不限,否
10403,南昌大学,201,01,7,7,574,7605,2024,历史,不限,否
10403,南昌大学,202,02,3,3,574,7727,2024,历史,不限,否
10404,华东交通大学,201,01,2,2,531,22233,2024,历史,不限,否
10404,华东交通大学,202,02,13,13,532,21622,2024,历史,不限,否
10404,华东交通大学（联合培养）,203,03,3,3,507,34491,2024,历史,不限,否
10405,东华理工大学（联合培养）,201,01,3,3,501,38132,2024,历史,不限,否
10405,东华理工大学,202,02,12,12,512,31497,2024,历史,不限,否
10406,南昌航空大学              &gt;,201,01,8,8,520,27739,2024,历史,不限,否
10407,江西理工大学,201,01,7,7,512,31686,2024,历史,不限,否
10407,江西理工大学,202,02,24,24,520,27635,2024,历史,不限,否
10408,景德镇陶瓷大学,201,01,3,3,530,22820,2024,历史,不限,否
10408,景德镇陶瓷大学,202,02,1,1,513,31320,2024,历史,不限,否
10410,江西农业大学,202,02,4,4,512,31970,2024,历史,不限,否
10412,江西中医药大学,W201&gt;,01,3,3,524,25377,2024,历史,不限,否
10414,江西师范大学                           1,201,01,4,4,559,11687,2024,历史,不限,否
10414,江西师范大学                           X,202,02,69,69,530,22781,2024,历史,不限,否
10414,江西师范大学                         人,203,03,8,8,555,12860,2024,历史,不限,否
10414,江西师范大学                       &gt;,204,04,3,3,577,6845,2024,历史,不限,否
10414,江西师范大学             XV,212,12,3,3,520,27634,2024,历史,不限,否
10416,上饶师范学院            W,201,01,3,3,496,41638,2024,历史,不限,否
10416,上饶师范学院,202,02,4,4,498,40149,2024,历史,不限,否
10416,上饶师范学院      7,203,03,7,7,499,39824,2024,历史,不限,否
10416,上饶师范学院,204,04,6,6,499,39622,2024,历史,不限,否
10416,上饶师范学院,206,06,4,4,495,42075,2024,历史,不限,否
10416,上饶师范学院,207,07,3,3,501,38567,2024,历史,不限,否
10417,宜春学院,202,02,1,1,493,43448,2024,历史,不限,否
10417,宜春学院,203,03,3,3,493,43225,2024,历史,不限,否
10418,赣南师范大学,201,01,4,4,520,27397,2024,历史,不限,否
10418,赣南师范大学,202,02,16,16,525,25295,2024,历史,不限,否
10418,赣南师范大学,203,03,4,4,522,26393,2024,历史,不限,否
10418,赣南师范大学,2047,47,4,4,490,45534,2024,历史,不限,否
10418,赣南师范大学,205,05,30,4,517,28841,2024,历史,不限,否
10418,赣南师范大学,206,06,4,4,535,20704,2024,历史,不限,否
10418,赣南师范大学,207,07,5,5,536,20109,2024,历史,不限,否
10418,赣南师范大学,222,22,4,4,498,40429,2024,历史,不限,否
10419,井冈山大学,201,01,11,11,510,32769,2024,历史,不限,否
10421,江西财经大学                       &gt;&gt;,201,01,1,1,544,16716,2024,历史,不限,否
10421,江西财经大学                        K,202,02,27,27,551,14147,2024,历史,不限,否
10421,江西财经大学                             ?,210,10,33,33,547,15615,2024,历史,不限,否
10422,山东大学,201,01,32,32,603,2620,2024,历史,不限,否
10423,中国海洋大学,201,01,14,14,596,3454,2024,历史,不限,否
10423,中国海洋大学  ?,202,02,7,7,596,3519,2024,历史,不限,否
10423,中国海洋大学,203,03,2,2,600,3037,2024,历史,不限,否
10423,中国海洋大学(中外合作办学),204,04,4,4,591,4249,2024,历史,不限,否
10424,山东科技大学,201,01,2,2,531,22447,2024,历史,不限,否
10425,中国石油大学（华东）,201,01,2,0,572,8000,2024,历史,不限,否
10427,济南大学,201,01,37,37,521,26818,2024,历史,不限,否
10427,济南大学,202,02,5,5,533,21321,2024,历史,不限,否
10427,济南大学,203,03,4,4,530,22715,2024,历史,不限,否
10427,济南大学,204,04,4,4,549,15051,2024,历史,不限,否
10429,青岛理工大学,201,01,2,2,522,26431,2024,历史,不限,否
10429,青岛理工大学,202,02,30,5,512,31768,2024,历史,不限,否
10430,山东建筑大学,201,01,2,2,511,32109,2024,历史,不限,否
10430,山东建筑大学,202,02,2,2,523,26291,2024,历史,不限,否
10431,齐鲁工业大学,201,01,13,13,503,37377,2024,历史,不限,否
10434,山东农业大学,201,01,21,21,515,30421,2024,历史,不限,否
10439,山东第一医科大学,201,01,13,13,499,39457,2024,历史,不限,否
10441,山东中医药大学,201,01,1,1,490,45622,2024,历史,不限,否
10445,山东师范大学,201,01,1,1,562,10714,2024,历史,不限,否
10445,山东师范大学,202,02,22,22,534,21022,2024,历史,不限,否
10445,山东师范大学,203,03,1,1,533,21342,2024,历史,不限,否
10445,山东师范大学,204,04,4,4,550,14520,2024,历史,不限,否
10445,山东师范大学,205,05,1,1,581,6016,2024,历史,不限,否
10445,山东师范大学,206,06,5,5,507,34668,2024,历史,不限,否
10445,山东师范大学(中外合作办学),216,16,1,1,503,37207,2024,历史,不限,否
10449,山东航空学院,W201&gt;,01,1,1,506,35399,2024,历史,不限,否
10451,鲁东大学                                 1,201,01,10,10,478,54314,2024,历史,不限,否
10452,临沂大学                                 X,201,01,10,10,518,28591,2024,历史,不限,否
10455,菏泽学院                                 人,201,01,5,5,498,40440,2024,历史,不限,否
10456,山东财经大学                       &gt;&gt;,201,01,12,12,531,22383,2024,历史,不限,否
10458,山东艺术学院             XV,201,01,5,5,491,44676,2024,历史,不限,否
10459,郑州大学                  W,201,01,9,9,580,6370,2024,历史,不限,否
10460,河南理工大学,201,01,3,3,502,37528,2024,历史,不限,否
10460,河南理工大学      7,202,02,7,7,507,34729,2024,历史,不限,否
10462,郑州轻工业大学,201,01,15,15,510,33148,2024,历史,不限,否
10463,河南工业大学,202,02,11,11,516,29602,2024,历史,不限,否
10464,河南科技大学,201,01,4,4,514,30699,2024,历史,不限,否
10466,河南农业大学,201,01,7,0,503,37159,2024,历史,不限,否
10466,河南农业大学,202,02,11,11,505,36006,2024,历史,不限,否
10467,河南科技学院,201,01,30,4,493,43660,2024,历史,不限,否
10467,河南科技学院,202,02,3,3,512,31712,2024,历史,不限,否
10475,河南大学,201,01,36,36,532,21826,2024,历史,不限,否
10475,河南大学,202,02,14,14,533,21463,2024,历史,不限,否
10475,河南大学（中外合作办学）,203,03,4,4,531,22400,2024,历史,不限,否
10475,河南大学,204,04,6,6,559,11765,2024,历史,不限,否
10476,河南师范大学,201,01,10,10,537,19707,2024,历史,不限,否
10476,河南师范大学,202,02,20,20,535,20619,2024,历史,不限,否
10478,周口师范学院,201,01,7,7,493,43292,2024,历史,不限,否
10481,南阳师范学院                        &gt;&gt;,201,01,3,3,496,41540,2024,历史,不限,否
10481,南阳师范学院,202,02,12,12,494,42670,2024,历史,不限,否
10481,南阳师范学院(中外合作办学),203,03,4,4,471,59025,2024,历史,不限,否
10482,洛阳师范学院,201,01,18,18,492,43997,2024,历史,不限,否
10483,商丘师范学院,201,01,8,8,493,43385,2024,历史,不限,否
10484,河南财经政法大学,201,01,5,5,539,18684,2024,历史,不限,否
10485,郑州航空工业管理学院,201,01,4,4,502,37591,2024,历史,不限,否
10486,武汉大学,201,01,45,45,631,545,2024,历史,不限,否
10487,华中科技大学,202,02,25,25,609,2003,2024,历史,不限,否
10488,武汉科技大学,201,01,6,6,532,21970,2024,历史,不限,否
10489,长江大学,201,01,2,2,529,23258,2024,历史,不限,否
10491,中国地质大学(武汉）,201,01,21,21,576,7082,2024,历史,不限,否
10491,中国地质大学(武汉),203,03,2,2,584,5430,2024,历史,不限,否
10495,武汉纺织大学,201,01,2,2,521,26895,2024,历史,不限,否
10495,武汉纺织大学,202,02,10,10,523,25842,2024,历史,不限,否
10496,武汉轻工大学,201,01,30,2,532,21948,2024,历史,不限,否
10496,武汉轻工大学,202,02,6,6,523,25857,2024,历史,不限,否
10497,武汉理工大学,201,01,32,32,577,6859,2024,历史,不限,否
10497,武汉理工大学（中外合作办学）,202,02,2,2,579,6437,2024,历史,不限,否
10497,武汉理工大学,203,03,4,4,585,5349,2024,历史,不限,否
10500,湖北工业大学,202,02,26,26,520,27700,2024,历史,不限,否
10504,华中农业大学,201,01,3,3,578,6626,2024,历史,不限,否
10504,华中农业大学,202,02,8,8,575,7447,2024,历史,不限,否
10507,湖北中医药大学           Y,201,01,2,2,517,29026,2024,历史,不限,否
10507,湖北中医药大学,202,02,4,4,517,28921,2024,历史,不限,否
10507,湖北中医药大学,203,03,2,2,497,40888,2024,历史,不限,否
10511,华中师范大学,202,02,31,31,596,3507,2024,历史,不限,否
10511,华中师范大学,203,03,5,5,606,2345,2024,历史,不限,否
10512,湖北大学,201,01,9,9,544,16928,2024,历史,不限,否
10512,湖北大学,W202&gt;,02,38,38,537,19579,2024,历史,不限,否
10512,湖北大学（中外合作办学）            1,203,03,8,8,518,28695,2024,历史,不限,否
10513,湖北师范大学                           X,201,01,4,4,533,21438,2024,历史,不限,否
10519,湖北文理学院                           人,201,01,3,3,512,31797,2024,历史,不限,否
10519,湖北文理学院                       &gt;,202,02,5,5,516,29562,2024,历史,不限,否
10520,中南财经政法大学       XV,201,01,8,8,590,4522,2024,历史,不限,否
10520,中南财经政法大学       M,202,02,2,2,589,4534,2024,历史,不限,否
10520,中南财经政法大学,203,03,2,2,594,3752,2024,历史,不限,否
10520,中南财经政法大学,204,04,87,87,593,3982,2024,历史,不限,否
10520,中南财经政法大学（中外合作办学）,205,05,7,7,531,22291,2024,历史,不限,否
10522,武汉体育学院,202,02,11,11,509,33570,2024,历史,不限,否
10523,湖北美术学院,201,01,1,0,503,36991,2024,历史,不限,否
10524,中南民族大学,202,02,2,0,550,14436,2024,历史,不限,否
10528,湖北工程学院,201,01,1,0,501,38591,2024,历史,不限,否
10530,湘潭大学,202,02,30,30,563,10329,2024,历史,不限,否
10531,吉首大学,201,01,3,3,511,32448,2024,历史,不限,否
10531,吉首大学,202,02,12,12,517,28953,2024,历史,不限,否
10532,湖南大学,201,01,2,2,598,3280,2024,历史,不限,否
10532,湖南大学,202,02,28,28,610,1906,2024,历史,不限,否
10533,中南大学,201,01,31,31,606,2311,2024,历史,不限,否
10534,湖南科技大学,201,01,4,4,530,22668,2024,历史,不限,否
10534,湖南科技大学                               &gt;,202,02,4,4,525,25281,2024,历史,不限,否
10534,湖南科技大学,203,03,45,45,526,24640,2024,历史,不限,否
10534,湖南科技大学                       &gt;&gt;,204,04,1,1,545,16398,2024,历史,不限,否
10534,湖南科技大学                       K,205,05,3,3,549,14812,2024,历史,不限,否
10536,长沙理工大学                            Y,201,01,25,25,530,22585,2024,历史,不限,否
10536,长沙理工大学,202,02,7,7,545,16410,2024,历史,不限,否
10537,湖南农业大学,201,01,6,6,529,23201,2024,历史,不限,否
10537,湖南农业大学  ?,202,02,38,38,526,24492,2024,历史,不限,否
10537,湖南农业大学（中外合作办学）,203,03,10,10,500,38875,2024,历史,不限,否
10537,湖南农业大学,204,04,3,3,541,17845,2024,历史,不限,否
10537,湖南农业大学,219,19,2,2,529,22952,2024,历史,不限,否
10538,中南林业科技大学,201,01,5,0,526,24761,2024,历史,不限,否
10538,中南林业科技大学,203,03,32,32,524,25667,2024,历史,不限,否
10542,湖南师范大学,201,01,53,53,573,7773,2024,历史,不限,否
10542,湖南师范大学,202,02,4,4,578,6821,2024,历史,不限,否
10542,湖南师范大学,203,03,2,2,583,5662,2024,历史,不限,否
10542,湖南师范大学,204,04,4,4,584,5422,2024,历史,不限,否
10543,湖南理工学院,201,01,30,5,509,33431,2024,历史,不限,否
10543,湖南理工学院,202,02,12,12,510,32685,2024,历史,不限,否
10545,湘南学院,201,01,4,4,495,42168,2024,历史,不限,否
10546,衡阳师范学院,201,01,4,4,500,39214,2024,历史,不限,否
10546,衡阳师范学院,202,02,12,12,498,40294,2024,历史,不限,否
10546,衡阳师范学院,203,03,2,2,496,41711,2024,历史,不限,否
10547,邵阳学院,201,01,2,2,495,42124,2024,历史,不限,否
10547,邵阳学院,202,02,6,6,498,39971,2024,历史,不限,否
10547,邵阳学院                         X,203,03,4,4,493,43374,2024,历史,不限,否
10548,怀化学院,201,01,4,4,495,42110,2024,历史,不限,否
10548,怀化学院,202,02,2,2,498,40400,2024,历史,不限,否
10549,湖南文理学院,201,01,2,2,500,39267,2024,历史,不限,否
10549,湖南文理学院,202,02,12,12,499,39328,2024,历史,不限,否
10551,湖南科技学院,201,01,3,3,501,38543,2024,历史,不限,否
10551,湖南科技学院,W202&gt;,02,6,6,496,41685,2024,历史,不限,否
10553,湖南人文科技学院,201,01,5,5,495,41977,2024,历史,不限,否
10553,湖南人文科技学院（中外合作办学） X,?202,02,3,3,488,46645,2024,历史,不限,否
10553,湖南人文科技学院                     人,203,03,5,5,499,39486,2024,历史,不限,否
10554,湖南工商大学                       &gt;&gt;,201,01,1,1,531,22226,2024,历史,不限,否
10554,湖南工商大学,202,02,3,3,533,21562,2024,历史,不限,否
10555,南华大学,201,01,18,18,530,22468,2024,历史,不限,否
10558,中山大学,201,01,156,156,618,1203,2024,历史,不限,否
10558,中山大学            7,202,02,52,52,617,1326,2024,历史,不限,否
10558,中山大学      Ay&gt;,216,16,175,175,615,1439,2024,历史,不限,否
10559,暨南大学,202,02,8,8,596,3525,2024,历史,不限,否
10559,暨南大学(艺术类),216,16,5,0,1580,6226,2024,历史,不限,否
10559,暨南大学,217,17,279,0,587,5012,2024,历史,不限,否
10559,暨南大学,218,18,53,53,593,3984,2024,历史,不限,否
10560,汕头大学,201,01,282,282,542,17624,2024,历史,不限,否
10560,汕头大学,202,02,393,393,544,16784,2024,历史,不限,否
10560,汕头大学（地方专项）,203,03,29,29,531,22194,2024,历史,不限,否
10560,汕头大学（地方专项）,204,04,30,30,516,29425,2024,历史,不限,否
10561,华南理工大学,201,01,199,199,606,2312,2024,历史,不限,否
10564,华南农业大学,201,01,82,82,567,9437,2024,历史,不限,否
10564,华南农业大学,202,02,384,384,557,12206,2024,历史,不限,否
10564,华南农业大学                               &gt;,203,03,907,907,551,14376,2024,历史,不限,否
10564,华南农业大学,205,05,452,452,546,15923,2024,历史,不限,否
10564,华南农业大学                        &gt;&gt;,206,06,5,5,563,10300,2024,历史,不限,否
10564,华南农业大学                        K,207,07,132,132,547,15720,2024,历史,不限,否
10566,广东海洋大学,226,26,615,615,513,31267,2024,历史,不限,否
10566,广东海洋大学,227,27,648,648,513,31024,2024,历史,不限,否
10566,东海洋大学,228,28,51,51,515,30038,2024,历史,不限,否
10566,东海洋大学(地方专项）,229,29,28,19,509,33402,2024,历史,不限,否
10566,东海洋大学,230,30,78,78,513,31100,2024,历史,不限,否
10570,广州医科大学,203,03,42,0,441,83666,2024,历史,不限,否
10570,广州医科大学（地方专项）,206,06,5,2,518,28705,2024,历史,不限,否
10570,广州医科大学(地方专项）,207,07,5,5,530,22608,2024,历史,不限,否
10571,广东医科大学,206,06,40,40,451,75514,2024,历史,不限,否
10571,广东医科大学,207,07,237,237,509,33485,2024,历史,不限,否
10572,广州中医药大学,208,08,76,76,532,21781,2024,历史,不限,否
10572,广广州中医药大学,209,09,67,67,537,19740,2024,历史,不限,否
10572,广州中医药大学(地方专项),213,13,5,5,519,27777,2024,历史,不限,否
10573,广东药科大学,208,08,548,548,499,39551,2024,历史,不限,否
10573,广东药科大学,209,09,20,20,477,54870,2024,历史,不限,否
10574,华南师范大学,201,01,546,546,587,4950,2024,历史,不限,否
10574,华南师范大学,202,02,21,21,595,3707,2024,历史,不限,否
10574,华南师范大学,203,03,82,82,593,3948,2024,历史,不限,否
10574,华南师范大学,204,04,122,122,575,7345,2024,历史,不限,否
10574,华南师范大学,205,05,335,335,574,7615,2024,历史,不限,否
10574,华南师范大学,206,06,15,15,586,5068,2024,历史,不限,否
10574,华南师范大学,207,07,72,72,585,5333,2024,历史,不限,否
10574,华南师范大学（地方专项）,208,08,20,20,535,20325,2024,历史,不限,否
10574,华南师范大学（地方专项）,209,09,5,5,560,11222,2024,历史,不限,否
10574,华南师范大学(地方专项）,210,10,20,20,544,16707,2024,历史,不限,否
10574,华南师范大学(地方专项）,W211,11,20,20,573,7880,2024,历史,不限,否
10574,华南师范大学（地方专项）            二,212,12,20,20,583,5778,2024,历史,不限,否
10574,华南师范大学(地方专项）             X,213,13,5,5,572,8073,2024,历史,不限,否
10574,华南师范大学（联合培养）            人,214,14,20,20,569,8958,2024,历史,不限,否
10574,华南师范大学（中外合作办学）  &gt;&gt;,215,15,30,30,570,8726,2024,历史,不限,否
10576,韶关学院                  XV,201,01,352,352,499,39556,2024,历史,不限,否
10576,韶关学院                 NA,202,02,224,224,498,40203,2024,历史,不限,否
10576,韶关学院,203,03,85,85,497,40570,2024,历史,不限,否
10576,韶关学院（学分互认）,204,04,30,30,493,43701,2024,历史,不限,否
10576,韶关学院（学分互认）,206,06,15,15,496,41809,2024,历史,不限,否
10576,韶关学院,207,07,81,81,498,40001,2024,历史,不限,否
10576,韶关学院LN,211,11,55,55,509,33555,2024,历史,不限,否
10576,韶关学院,212,12,45,45,498,39953,2024,历史,不限,否
10576,韶关学院,245,45,208,0,496,41270,2024,历史,不限,否
10576,韶关学院,248,48,10,10,496,41418,2024,历史,不限,否
10577,惠州学院,201,01,73,73,525,25200,2024,历史,不限,否
10577,惠州学院,202,02,67,67,513,31338,2024,历史,不限,否
10577,惠州学院,203,03,25,25,519,27867,2024,历史,不限,否
10577,惠州学院,204,04,178,178,528,23757,2024,历史,不限,否
10577,惠州学院,205,05,135,135,513,31326,2024,历史,不限,否
10577,惠州学院,206,06,88,88,520,27530,2024,历史,不限,否
10577,惠州学院,207,07,23,23,505,35903,2024,历史,不限,否
10577,惠州学院                                     &gt;,208,08,50,50,512,31857,2024,历史,不限,否
10577,惠州学院,209,09,30,30,499,39320,2024,历史,不限,否
10577,惠州学院                             &gt;&gt;,210,10,131,131,516,29797,2024,历史,不限,否
10577,惠州学院                             K,211,11,217,217,504,36281,2024,历史,不限,否
10577,惠州学院                                  ?,212,12,21,21,499,39284,2024,历史,不限,否
10577,惠州学院,213,13,30,30,500,39010,2024,历史,不限,否
10577,惠州学院,214,14,10,10,500,38693,2024,历史,不限,否
10577,惠州学院（中外合作办学）,215,15,60,57,431,93124,2024,历史,不限,否
10578,韩山师范学院,220,20,48,48,513,31289,2024,历史,不限,否
10578,韩山师范学院,221,21,40,40,505,35647,2024,历史,不限,否
10578,韩山师范学院,222,22,493,493,503,37157,2024,历史,不限,否
10578,韩山师范学院,223,23,304,304,497,40737,2024,历史,不限,否
10578,韩山师范学院（协同培养）,225,25,25,25,496,41758,2024,历史,不限,否
10578,韩山师范学院（中外合作办学）,226,26,45,45,480,52807,2024,历史,不限,否
10579,岭南师范学院,201,01,132,132,520,27691,2024,历史,不限,否
10579,岭南师范学院,202,02,173,173,510,32979,2024,历史,不限,否
10579,岭南师范学院,203,03,331,331,502,37441,2024,历史,不限,否
10579,岭南师范学院,204,04,383,383,508,33964,2024,历史,不限,否
10579,岭南师范学院,205,05,695,695,501,38267,2024,历史,不限,否
10579,岭南师范学院,206,06,25,25,500,38968,2024,历史,不限,否
10580,肇庆学院,201,01,132,132,499,39478,2024,历史,不限,否
10580,肇庆学院,202,02,163,163,505,35859,2024,历史,不限,否
10580,肇庆学院,203,03,55,55,500,38950,2024,历史,不限,否
10580,肇庆学院,204,04,538,538,507,34781,2024,历史,不限,否
10580,肇庆学院,205,05,42,42,501,38574,2024,历史,不限,否
10580,肇庆学院                         X,206,06,109,109,511,32381,2024,历史,不限,否
10580,肇庆学院,207,07,40,40,506,35022,2024,历史,不限,否
10582,嘉应学院,216,16,75,75,500,38914,2024,历史,不限,否
10582,嘉应学院,217,17,44,44,497,40729,2024,历史,不限,否
10582,嘉应学院,218,18,83,83,504,36153,2024,历史,不限,否
10582,嘉应学院,219,19,145,145,493,43174,2024,历史,不限,否
10582,嘉应学院,W220,20,531,531,494,43034,2024,历史,不限,否
10582,嘉应学院,221,21,344,344,494,42567,2024,历史,不限,否
10582,嘉应学院                                 X,?222,22,45,45,497,40890,2024,历史,不限,否
10582,嘉应学院（联合培养）              冏人,223,23,15,15,485,48926,2024,历史,不限,否
10582,嘉应学院（联合培养）              &gt;&gt;,224,24,15,15,485,49173,2024,历史,不限,否
10585,广州体育学院,201,01,18,18,503,37230,2024,历史,不限,否
10586,广州美术学院             W,215,15,96,96,508,34055,2024,历史,不限,否
10587,星海音乐学院,202,02,16,16,519,28228,2024,历史,不限,否
10588,广东技术师范大学,243,43,61,61,552,13882,2024,历史,不限,否
10588,东技术师范大学,244,44,45,45,545,16322,2024,历史,不限,否
10588,东技术师范大学(地方专项）,246,46,10,10,531,22050,2024,历史,不限,否
10588,广东技术师范大学,247,47,12,12,532,21934,2024,历史,不限,否
10588,广东技术师范大学,248,48,8,8,1530,22887,2024,历史,不限,否
10588,广东技术师范大学,249,49,48,0,534,20824,2024,历史,不限,否
10588,广东技术师范大学,250,50,50,50,508,34010,2024,历史,不限,否
10588,广东技术师范大学,251,51,17,17,550,14769,2024,历史,不限,否
10588,东技术师范大学,252,52,16,16,531,22214,2024,历史,不限,否
10588,东技术师范大学,253,53,147,147,529,23234,2024,历史,不限,否
10588,东技术师范大学,254,54,77,77,538,19414,2024,历史,不限,否
10588,东技术师范大学,255,55,66,66,522,26536,2024,历史,不限,否
10588,东技术师范大学（国际班）,256,56,50,50,490,45482,2024,历史,不限,否
10588,东技术师范大学(国际班),257,57,48,48,490,45365,2024,历史,不限,否
10588,东技术师范大学(少数民族班）       →,258,58,6,6,403,120230,2024,历史,不限,否
10588,东技术师范大学(少数民族班),259,59,8,8,405,117907,2024,历史,不限,否
10588,东技术师范大学（少数民族班）&gt;&gt;,260,60,30,30,432,91634,2024,历史,不限,否
10588,东技术师范大学(少数民族班） K,261,61,8,8,450,75910,2024,历史,不限,否
10588,广东技术师范大学 (少数民族班),264,64,9,9,458,69318,2024,历史,不限,否
10588,广东技术师范大学(少数民族班),265,65,32,32,398,124822,2024,历史,不限,否
10589,海南大学,201,01,2,2,572,8216,2024,历史,不限,否
10589,海南大学,202,02,6,6,573,7896,2024,历史,不限,否
10589,海南大学,203,03,12,12,568,9071,2024,历史,不限,否
10589,海南大学（中外合作办学）,204,04,18,0,517,29219,2024,历史,不限,否
10589,海南大学,206,06,4,0,570,8620,2024,历史,不限,否
10590,深圳大学,201,01,141,141,580,6250,2024,历史,不限,否
10590,深圳大学,202,02,432,432,576,7247,2024,历史,不限,否
10590,深圳大学,203,03,20,20,575,7358,2024,历史,不限,否
10590,深圳大学,204,04,266,266,582,5817,2024,历史,不限,否
10590,深圳大学,205,05,29,29,574,7579,2024,历史,不限,否
10590,深圳大学,206,06,61,61,575,7372,2024,历史,不限,否
10590,深圳大学,207,07,125,125,578,6815,2024,历史,不限,否
10590,深圳大学,208,08,207,207,588,4763,2024,历史,不限,否
10590,深圳大学(地方专项),211,11,65,65,557,12098,2024,历史,不限,否
10592,广东财经大学,201,01,325,325,537,19587,2024,历史,不限,否
10592,东财经大学,203,03,677,677,534,20940,2024,历史,不限,否
10592,东财经大学,205,05,154,154,558,11817,2024,历史,不限,否
10592,广东财经大学,207,07,250,250,539,18850,2024,历史,不限,否
10592,广东财经大学,209,09,100,100,535,20623,2024,历史,不限,否
10592,广东财经大学,211,11,50,50,533,21332,2024,历史,不限,否
10592,广东财经大学（联合培养),215,15,100,100,512,31699,2024,历史,不限,否
10595,桂林电子科技大学(本科预科班),206,06,2,2,425,99033,2024,历史,不限,否
10596,桂林理工大学,201,01,3,3,511,32517,2024,历史,不限,否
10596,桂林理工大学,W202,02,2,2,507,34658,2024,历史,不限,否
10596,桂林理工大学                           二,203,03,5,5,498,40347,2024,历史,不限,否
10599,右江民族医学院                         X,201,01,1,1,494,42791,2024,历史,不限,否
10599,右江民族医学院                         人,202,02,1,1,510,32687,2024,历史,不限,否
10602,广西师范大学                       &gt;&gt;,201,01,21,21,518,28468,2024,历史,不限,否
10602,广西师范大学             XV,202,02,2,2,574,7559,2024,历史,不限,否
10602,广西师范大学（联合培养）,203,03,4,4,503,37002,2024,历史,不限,否
10602,广西师范大学,204,04,4,4,559,11741,2024,历史,不限,否
10603,南宁师范大学,201,01,10,10,521,27069,2024,历史,不限,否
10603,南宁师范大学,202,02,4,4,527,23955,2024,历史,不限,否
10606,玉林师范学院,202,02,6,6,494,43099,2024,历史,不限,否
10606,玉林师范学院,203,03,41,41,496,41412,2024,历史,不限,否
10607,广西艺术学院,201,01,26,26,492,44239,2024,历史,不限,否
10607,广西艺术学院,202,02,3,3,495,42018,2024,历史,不限,否
10608,西民族大学,201,01,30,5,519,27824,2024,历史,不限,否
10608,西民族大学,202,02,14,14,511,32092,2024,历史,不限,否
10608,广西民族大学,2167,67,7,7,505,35856,2024,历史,不限,否
10610,四川大学,201,01,30,19,610,1865,2024,历史,不限,否
10610,四川大学,208,08,3,3,590,4389,2024,历史,不限,否
10611,重庆大学,201,01,6,6,608,2086,2024,历史,不限,否
10611,重庆大学                                     A,202,02,2,2,606,2357,2024,历史,不限,否
10611,重庆大学（艺术类）,211,11,8,8,576,7173,2024,历史,不限,否
10613,西南交通大学                        &gt;&gt;,201,01,11,11,582,5916,2024,历史,不限,否
10613,西南交通大学                        K,202,02,4,4,591,4285,2024,历史,不限,否
10614,电子科技大学                             Y,201,01,6,6,600,2963,2024,历史,不限,否
10615,西南石油大学,201,01,2,2,549,15094,2024,历史,不限,否
10615,西南石油大学,202,02,2,2,536,20204,2024,历史,不限,否
10615,西南石油大学  ?,203,03,6,6,555,13015,2024,历史,不限,否
10615,西南石油大学,204,04,7,7,547,15706,2024,历史,不限,否
10615,西南石油大学,205,05,4,4,554,13130,2024,历史,不限,否
10615,西南石油大学,212,12,5,5,523,25965,2024,历史,不限,否
10616,成都理工大学,201,01,4,4,542,17796,2024,历史,不限,否
10616,成都理工大学（中外合作办学）,203,03,3,0,529,22949,2024,历史,不限,否
10616,成都理工大学,204,04,3,0,532,21645,2024,历史,不限,否
10617,重庆邮电大学,201,01,3,3,541,18012,2024,历史,不限,否
10618,重庆交通大学,201,01,3,3,531,22317,2024,历史,不限,否
10618,重庆交通大学,202,02,6,6,530,22780,2024,历史,不限,否
10618,重庆交通大学,203,03,6,6,529,23164,2024,历史,不限,否
10619,西南科技大学,201,01,10,10,519,27858,2024,历史,不限,否
10619,西南科技大学,202,02,4,4,531,22361,2024,历史,不限,否
10619,西南科技大学,203,03,3,3,532,21707,2024,历史,不限,否
10621,成都信息工程大学,201,01,5,5,531,22111,2024,历史,不限,否
10621,成都信息工程大学,206,06,2,2,538,19141,2024,历史,不限,否
10622,四川轻化工大学,201,01,4,4,522,26705,2024,历史,不限,否
10623,西华大学,201,01,9,9,544,16652,2024,历史,不限,否
10623,西华大学(本科预科班),206,06,2,2,493,43593,2024,历史,不限,否
10624,中国民用航空飞行学院,201,01,8,8,513,31440,2024,历史,不限,否
10624,中国民用航空飞行学院,202,02,6,6,509,33712,2024,历史,不限,否
10624,中国民用航空飞行学院,203,03,2,2,515,30198,2024,历史,不限,否
10633,成都中医药大学（中外合作办学）,201,01,3,3,520,27274,2024,历史,不限,否
10634,川北医学院,201,01,5,5,508,34194,2024,历史,不限,否
10635,西南大学,W2011,11,1,1,590,4516,2024,历史,不限,否
10635,西南大学                                 U,202,02,7,7,578,6638,2024,历史,不限,否
10635,西南大学                                 X,203,03,5,5,562,10581,2024,历史,不限,否
10635,西南大学（中外合作办学）          其人,204,04,1,1,587,5014,2024,历史,不限,否
10636,四川师范大学                       &gt;&gt;,201,01,21,21,531,22065,2024,历史,不限,否
10636,四川师范大学             XV,202,02,3,3,535,20360,2024,历史,不限,否
10636,四川师范大学            M,203,03,4,4,549,15046,2024,历史,不限,否
10636,四川师范大学,204,04,4,4,545,16370,2024,历史,不限,否
10636,四川师范大学      7,205,05,12,12,549,14975,2024,历史,不限,否
10636,四川师范大学,224,24,4,4,530,22478,2024,历史,不限,否
10637,重庆师范大学,202,02,2,2,572,8088,2024,历史,不限,否
10638,西华师范大学,201,01,8,8,507,34659,2024,历史,不限,否
10640,内江师范学院,201,01,7,7,516,29690,2024,历史,不限,否
10640,内江师范学院,202,02,1,0,511,32082,2024,历史,不限,否
10643,重庆三峡学院,201,01,30,2,508,34102,2024,历史,不限,否
10643,重庆三峡学院,202,02,4,4,503,37365,2024,历史,不限,否
10644,四川文理学院,201,01,9,9,495,42137,2024,历史,不限,否
10647,长江师范学院,201,01,2,2,512,31531,2024,历史,不限,否
10649,乐山师范学院,201,01,30,4,496,41769,2024,历史,不限,否
10650,四川外国语大学,201,01,9,9,540,18328,2024,历史,不限,否
10650,四川外国语大学（中外合作办学）,202,02,2,2,524,25467,2024,历史,不限,否
10650,四川外国语大学,203,03,9,9,530,22551,2024,历史,不限,否
10650,四川外国语大学(中外合作办学),204,04,1,1,521,27085,2024,历史,不限,否
10650,四川外国语大学                     &gt;&gt;,205,05,1,1,550,14761,2024,历史,不限,否
10651,西南财经大学,201,01,20,20,601,2930,2024,历史,不限,否
10652,西南政法大学            XX,201,01,6,6,593,3887,2024,历史,不限,否
10652,西南政法大学,202,02,81,81,592,4093,2024,历史,不限,否
10652,西南政法大学（中外合作办学）,203,03,6,6,606,2348,2024,历史,不限,否
10654,四川音乐学院,201,01,7,7,512,31738,2024,历史,不限,否
10654,四川音乐学院（联合培养）,210,10,4,4,496,41743,2024,历史,不限,否
10655,四川美术学院,201,01,11,11,500,39271,2024,历史,不限,否
10656,西南民族大学,201,01,22,0,531,22295,2024,历史,不限,否
10657,贵州大学,201,01,4,0,574,7614,2024,历史,不限,否
10657,贵州大学,202,02,2,2,571,8432,2024,历史,不限,否
10661,遵义医科大学,201,01,3,3,503,36825,2024,历史,不限,否
10661,遵义医科大学,202,02,2,2,499,39899,2024,历史,不限,否
10661,遵义医科大学,203,03,2,2,506,35179,2024,历史,不限,否
10661,遵义医科大学,208,08,37,37,511,32458,2024,历史,不限,否
10662,贵州中医药大学,201,01,2,2,532,21595,2024,历史,不限,否
10662,贵州中医药大学,202,02,2,2,522,26649,2024,历史,不限,否
10663,贵州师范大学,201,01,7,7,533,21248,2024,历史,不限,否
10663,贵州师范大学,202,02,5,5,492,43870,2024,历史,不限,否
10663,贵州师范大学,203,03,4,4,559,11760,2024,历史,不限,否
10664,遵义师范学院,201,01,2,2,515,30094,2024,历史,不限,否
10664,遵义师范学院,202,02,3,3,509,33202,2024,历史,不限,否
10667,安顺学院,201,01,1,1,495,42418,2024,历史,不限,否
10667,安顺学院,202,02,1,1,495,42273,2024,历史,不限,否
10667,安顺学院,203,03,1,1,497,41023,2024,历史,不限,否
10668,贵州工程应用技术学院,201,01,2,2,493,43312,2024,历史,不限,否
10668,贵州工程应用技术学院,202,02,5,5,497,41169,2024,历史,不限,否
10668,贵州工程应用技术学院,203,03,2,2,492,43790,2024,历史,不限,否
10669,凯里学院,W2011,11,3,3,499,39830,2024,历史,不限,否
10671,贵州财经大学                           1,201,01,6,6,520,27306,2024,历史,不限,否
10673,云南大学                                 X,201,01,13,13,568,9137,2024,历史,不限,否
10673,云南大学                                 人,202,02,6,6,576,7235,2024,历史,不限,否
10673,云南大学                             &gt;&gt;,203,03,2,2,573,7870,2024,历史,不限,否
10674,昆明理工大学,201,01,4,4,536,19977,2024,历史,不限,否
10679,大理大学                  W,201,01,6,6,505,35607,2024,历史,不限,否
10681,云南师范大学,201,01,15,15,520,27617,2024,历史,不限,否
10681,云南师范大学   X7,203,03,2,2,557,12378,2024,历史,不限,否
10687,红河学院         y&gt;,201,01,10,10,493,43331,2024,历史,不限,否
10689,云南财经大学（中外合作办学）,202,02,29,29,493,43481,2024,历史,不限,否
10689,云南财经大学,203,03,2,2,1526,24613,2024,历史,不限,否
10690,云南艺术学院,201,01,8,8,493,43581,2024,历史,不限,否
10691,云南民族大学,201,01,2,2,508,34017,2024,历史,不限,否
10691,云南民族大学,202,02,30,1,545,16305,2024,历史,不限,否
10694,西藏大学,201,01,1,1,539,18683,2024,历史,不限,否
10694,西藏大学,2037,37,2,2,543,17178,2024,历史,不限,否
10694,西藏大学,204,04,1,1,534,20755,2024,历史,不限,否
10694,西藏大学,205 ?,05,1,1,552,13989,2024,历史,不限,否
10697,西北大学,201,01,6,6,584,5534,2024,历史,不限,否
10697,西北大学                                     A,202,02,1,1,608,2007,2024,历史,不限,否
10698,西安交通大学,201,01,13,13,614,1530,2024,历史,不限,否
10699,西北工业大学                        &gt;,201,01,14,14,599,3141,2024,历史,不限,否
10702,西安工业大学                        K,201,01,4,4,533,21522,2024,历史,不限,否
10703,西安建筑科技大学                       Y,201,01,4,4,542,17529,2024,历史,不限,否
10705,西安石油大学,201,01,2,2,523,25971,2024,历史,不限,否
10705,西安石油大学,202,02,2,2,529,23336,2024,历史,不限,否
10708,陕西科技大学  ?,201,01,4,4,532,21801,2024,历史,不限,否
10710,长安大学,201,01,7,7,571,8245,2024,历史,不限,否
10712,西北农林科技大学,201,01,2,2,590,4503,2024,历史,不限,否
10712,西北农林科技大学,202,02,6,6,589,4561,2024,历史,不限,否
10718,陕西师范大学,201,01,10,0,588,4757,2024,历史,不限,否
10718,陕西师范大学,203,03,2,2,561,10929,2024,历史,不限,否
10718,陕西师范大学,204,04,4,4,587,4962,2024,历史,不限,否
10719,延安大学,201,01,6,6,515,29999,2024,历史,不限,否
10719,延安大学,202,02,2,2,520,27442,2024,历史,不限,否
10720,陕西理工大学,201,01,5,5,504,36122,2024,历史,不限,否
10722,咸阳师范学院,201,01,30,4,497,40992,2024,历史,不限,否
10723,渭南师范学院（中外合作办学）,201,01,1,1,482,50911,2024,历史,不限,否
10724,西安外国语大学,201,01,8,8,539,18685,2024,历史,不限,否
10724,西安外国语大学,202,02,12,12,535,20400,2024,历史,不限,否
10726,西北政法大学,201,01,18,18,587,4919,2024,历史,不限,否
10726,西北政法大学,202,02,2,2,590,4484,2024,历史,不限,否
10729,西安美术学院,201,01,2,2,513,31273,2024,历史,不限,否
10730,兰州大学,201,01,19,19,593,3980,2024,历史,不限,否
10730,兰州大学,202,02,9,9,594,3742,2024,历史,不限,否
10730,兰州大学,203,03,8,8,594,3864,2024,历史,不限,否
10731,兰州理工大学,201,01,2,2,515,29935,2024,历史,不限,否
10732,兰州交通大学,201,01,1,1,523,26267,2024,历史,不限,否
10732,兰州交通大学,202,02,7,7,507,34483,2024,历史,不限,否
10733,甘肃农业大学,201,01,17,17,493,43382,2024,历史,不限,否
10736,西北师范大学,W201,01,5,5,531,22109,2024,历史,不限,否
10736,西北师范大学,202,02,22,22,520,27732,2024,历史,不限,否
10736,西北师范大学                            X,204,04,3,3,531,22444,2024,历史,不限,否
10736,西北师范大学                        偈人,205,05,2,2,540,18431,2024,历史,不限,否
10738,陇东学院                             &gt;,201,01,6,6,492,44041,2024,历史,不限,否
10738,陇东学院                   XV.,202,02,6,6,490,45777,2024,历史,不限,否
10739,天水师范学院            VVA,201,01,3,3,492,44070,2024,历史,不限,否
10739,天水师范学院,202,02,3,3,493,43460,2024,历史,不限,否
10739,天水师范学院     T,203,03,3,3,496,41739,2024,历史,不限,否
10739,天水师范学院  y&gt;,204,04,2,2,495,41882,2024,历史,不限,否
10741,兰州财经大学,202,02,18,18,497,40989,2024,历史,不限,否
10741,兰州财经大学（联合培养）,205,05,6,6,491,44922,2024,历史,不限,否
10742,西北民族大学,202,02,2,0,511,32431,2024,历史,不限,否
10742,西北民族大学,203,03,2,2,528,23702,2024,历史,不限,否
10746,青海师范大学,201,01,30,3,518,28358,2024,历史,不限,否
10746,青海师范大学,202,02,9,9,519,28061,2024,历史,不限,否
10749,宁夏大学,201,01,8,8,564,10239,2024,历史,不限,否
10755,新疆大学,201,01,1,1,557,12372,2024,历史,不限,否
10755,新疆大学,202,02,30,6,549,14828,2024,历史,不限,否
10755,新疆大学,203,03,1,1,563,10504,2024,历史,不限,否
10758,新疆农业大学,201,01,3,3,492,44407,2024,历史,不限,否
10758,新疆农业大学                               &gt;,202,02,3,3,492,44205,2024,历史,不限,否
10758,新疆农业大学,203,03,13,13,489,46444,2024,历史,不限,否
10762,新疆师范大学                        &gt;&gt;&gt;,201,01,2,2,504,36164,2024,历史,不限,否
10762,新疆师范大学                        K,202,02,16,16,507,34851,2024,历史,不限,否
10763,喀什大学,203,03,3,3,495,42062,2024,历史,不限,否
10764,伊犁师范大学,202,02,4,4,494,43030,2024,历史,不限,否
10765,新疆和田学院,201,01,4,4,487,47260,2024,历史,不限,否
10765,新疆和田学院,202,02,3,3,490,45226,2024,历史,不限,否
10766,新疆财经大学,201,01,8,8,494,43047,2024,历史,不限,否
10768,新疆艺术学院,201,01,6,6,486,48439,2024,历史,不限,否
10792,天津城建大学,201,01,4,4,493,43413,2024,历史,不限,否
10792,天津城建大学,202,02,1,1,491,44779,2024,历史,不限,否
10792,天津城建大学（中外合作办学）,203,03,2,2,479,53556,2024,历史,不限,否
10792,天津城建大学（中外合作办学）,204,04,2,2,478,54013,2024,历史,不限,否
10792,天津城建大学,205,05,30,3,522,26602,2024,历史,不限,否
10812,吕梁学院,201,01,1,1,489,46081,2024,历史,不限,否
10822,广东白云学院,218,18,430,430,473,58122,2024,历史,不限,否
10822,广东白云学院,219,19,150,150,471,59491,2024,历史,不限,否
10822,广东白云学院,220,20,102,102,467,62086,2024,历史,不限,否
10822,广东白云学院,221,21,102,102,452,74221,2024,历史,不限,否
10822,东白云学院,222,22,296,296,456,71488,2024,历史,不限,否
10822,广东白云学院,223,23,296,296,456,71245,2024,历史,不限,否
10822,广东白云学院                   X,224,24,540,540,460,68019,2024,历史,不限,否
10822,广东白云学院,225,25,100,100,460,68023,2024,历史,不限,否
10822,广东白云学院(学分互认),226,26,71,71,433,91134,2024,历史,不限,否
10833,广东轻工职业技术大学,204,04,20,20,498,40424,2024,历史,不限,否
10841,辽宁对外经贸学院,201,01,4,4,463,65116,2024,历史,不限,否
10846,江西科技学院,201,01,4,4,487,47922,2024,历史,不限,否
10850,南京工业职业技术大学,W201,01,8,8,499,39535,2024,历史,不限,否
10856,上海工程技术大学                     二,201,01,2,2,531,22147,2024,历史,不限,否
10856,上海工程技术大学                     X,202,02,6,6,527,23926,2024,历史,不限,否
10876,浙江万里学院                        人,201,01,2,2,495,42454,2024,历史,不限,否
10876,浙江万里学院（中外合作办学）  &gt;&gt;,202,02,5,5,487,47594,2024,历史,不限,否
10895,萍乡学院                   VV,201,01,6,6,494,42643,2024,历史,不限,否
10908,山东工艺美术学院,201,01,4,4,488,46701,2024,历史,不限,否
10919,平顶山学院,201,01,2,2,490,45753,2024,历史,不限,否
10920,湖北理工学院     7,201,01,2,2,500,38698,2024,历史,不限,否
10920,湖北理工学院   y&gt;,202,02,7,7,499,39610,2024,历史,不限,否
10964,吉林外国语大学(中外合作办学),202,02,5,5,463,65317,2024,历史,不限,否
10977,六盘水师范学院,201,01,8,8,495,41842,2024,历史,不限,否
10997,昌吉学院,202,02,1,0,493,43224,2024,历史,不限,否
11047,上海立信会计金融学院,201,01,7,7,534,20795,2024,历史,不限,否
11048,金陵科技学院,201,01,3,3,505,36093,2024,历史,不限,否
11053,徐州工程学院,201,01,2,2,506,35206,2024,历史,不限,否
11053,徐州工程学院,202,02,2,2,499,39588,2024,历史,不限,否
11057,浙江科技大学,201,01,3,3,515,30361,2024,历史,不限,否
11062,厦门理工学院,201,01,2,2,531,22221,2024,历史,不限,否
11062,厦门理工学院,202,02,6,6,528,23668,2024,历史,不限,否
11065,青岛大学,201,01,20,20,512,31677,2024,历史,不限,否
11066,烟台大学,201,01,2,2,510,32925,2024,历史,不限,否
11066,烟台大学,202,02,4,4,527,23967,2024,历史,不限,否
11066,烟台大学（本科预科班）          &gt;&gt;,206,06,2,2,504,36567,2024,历史,不限,否
11067,潍坊学院,201,01,2,2,498,40458,2024,历史,不限,否
11067,潍坊学院,202,02,6,6,494,42519,2024,历史,不限,否
11068,郑州工程技术学院,201,01,13,13,492,43977,2024,历史,不限,否
11070,洛阳理工学院,201,01,10,10,494,43086,2024,历史,不限,否
11075,三峡大学,201,01,4,4,516,29443,2024,历史,不限,否
11077,长沙学院,201,01,2,2,514,30718,2024,历史,不限,否
11077,长沙学院,202,02,6,6,518,28255,2024,历史,不限,否
11077,长沙学院,203,03,6,6,503,37298,2024,历史,不限,否
11078,广州大学,212,12,57,57,558,11983,2024,历史,不限,否
11078,广州大学,213,13,82,82,562,10647,2024,历史,不限,否
11078,广州大学,214,14,1187,1187,541,18134,2024,历史,不限,否
11078,广州大学（中外合作办学）,215,15,30,30,519,28042,2024,历史,不限,否
11078,广州大学(地方专项）,222,22,115,115,529,23314,2024,历史,不限,否
11078,广州大学(地方专项),223,23,30,5,562,10765,2024,历史,不限,否
11079,成都大学,201,01,4,4,546,16051,2024,历史,不限,否
11079,成都大学(中外合作办学),202,02,6,6,520,27735,2024,历史,不限,否
11079,成都大学,203,03,4,4,548,15260,2024,历史,不限,否
11079,成都大学,216,16,3,3,531,22236,2024,历史,不限,否
11080,西安文理学院,201,01,6,6,511,32332,2024,历史,不限,否
11100,海南热带海洋学院,201,01,16,16,496,41798,2024,历史,不限,否
11100,海南热带海洋学院,202,02,2,2,500,39136,2024,历史,不限,否
11100,海南热带海洋学院(中外合作办学),203,03,7,7,482,51318,2024,历史,不限,否
11104,华北科技学院,201,01,4,4,494,42780,2024,历史,不限,否
11104,华北科技学院,202,02,2,2,521,27107,2024,历史,不限,否
11104,华北科技学院,203,03,12,12,494,42682,2024,历史,不限,否
11106,广州航海学院,211,11,360,360,503,37317,2024,历史,不限,否
11106,广州航海学院（联合培养）,212,12,18,18,489,46008,2024,历史,不限,否
11106,广州航海学院（联合培养),W213,13,18,18,488,47174,2024,历史,不限,否
11110,东警官学院                           二,202,02,120,120,531,22374,2024,历史,不限,否
11117,扬州大学                                 X,201,01,2,2,539,18829,2024,历史,不限,否
11117,扬州大学                                 人,202,02,6,6,555,12933,2024,历史,不限,否
11122,三江学院                             &gt;&gt;,201,01,14,14,476,55375,2024,历史,不限,否
11122,三江学院                   XV,202,02,23,23,482,50867,2024,历史,不限,否
11149,中华女子学院             M,201,01,24,24,516,29830,2024,历史,不限,否
11230,齐齐哈尔医学院,201,01,1,1,493,43452,2024,历史,不限,否
11230,齐齐哈尔医学院   7,202,02,2,2,498,40122,2024,历史,不限,否
11230,齐齐哈尔医学院      &gt;,203,03,1,1,492,44171,2024,历史,不限,否
11242,太原学院,202,02,2,2,489,45989,2024,历史,不限,否
11242,太原学院,203,03,1,0,495,42274,2024,历史,不限,否
11276,南京工程学院,201,01,5,5,518,28610,2024,历史,不限,否
11287,南京审计大学,201,01,2,2,541,18146,2024,历史,不限,否
11287,南京审计大学,202,02,30,10,562,10752,2024,历史,不限,否
11287,南京审计大学（中外合作办学）,203,03,2,2,568,9186,2024,历史,不限,否
11311,三明学院,201,01,1,1,519,28215,2024,历史,不限,否
11311,三明学院,2027,27,1,1,527,24219,2024,历史,不限,否
11311,三明学院,203,03,1,1,499,39653,2024,历史,不限,否
11318,江西科技师范大学,201,01,2,2,535,20711,2024,历史,不限,否
11318,江西科技师范大学,202,02,11,11,504,36146,2024,历史,不限,否
11318,江西科技师范大学                         A,203,03,4,4,540,18349,2024,历史,不限,否
11318,江西科技师范大学,204,04,2,2,508,34277,2024,历史,不限,否
11319,南昌工程学院                        &gt;&gt;,201,01,2,2,507,34739,2024,历史,不限,否
11319,南昌工程学院                        K,202,02,10,10,496,41275,2024,历史,不限,否
11326,信阳农林学院,202,02,2,2,494,42954,2024,历史,不限,否
11330,安阳工学院,201,01,3,3,491,44558,2024,历史,不限,否
11336,荆楚理工学院,201,01,3,3,494,42988,2024,历史,不限,否
11342,湖南工程学院,201,01,2,2,499,39484,2024,历史,不限,否
11347,仲恺农业工程学院,208,08,435,435,504,36463,2024,历史,不限,否
11347,仲恺农业工程学院,209,09,15,15,508,33849,2024,历史,不限,否
11349,五邑大学,210,10,226,226,507,34551,2024,历史,不限,否
11354,梧州学院,201,01,14,0,497,41165,2024,历史,不限,否
11360,攀枝花学院,201,01,3,3,494,42566,2024,历史,不限,否
11390,玉溪师范学院,201,01,4,4,495,42026,2024,历史,不限,否
11392,云南警官学院,201,01,2,2,520,27707,2024,历史,不限,否
11393,昆明学院,201,01,2,2,510,32814,2024,历史,不限,否
11393,昆明学院,202,02,30,6,493,43585,2024,历史,不限,否
11396,商洛学院,201,01,1,1,499,39825,2024,历史,不限,否
11396,商洛学院,202,02,1,1,493,43715,2024,历史,不限,否
11400,西安培华学院,201,01,16,16,475,56078,2024,历史,不限,否
11400,西安培华学院,202,02,5,5,482,50913,2024,历史,不限,否
11400,西安培华学院,208,08,15,12,428,96013,2024,历史,不限,否
11406,甘肃政法大学,201,01,5,5,532,21676,2024,历史,不限,否
11406,甘肃政法大学,202,02,1,1,523,25937,2024,历史,不限,否
11407,北方民族大学,201,01,6,6,509,33614,2024,历史,不限,否
11414,中国石油大学(北京),201,01,2,2,581,6164,2024,历史,不限,否
11414,中国石油大学(北京),202,02,2,2,591,4293,2024,历史,不限,否
11415,中国地质大学(北京）,201,01,3,3,585,5288,2024,历史,不限,否
11415,中国地质大学(北京),202,02,2,2,589,4620,2024,历史,不限,否
11417,北京联合大学,201,01,7,7,528,23577,2024,历史,不限,否
11418,北京城市学院,W201&gt;,01,18,18,473,58108,2024,历史,不限,否
11420,河北金融学院                           U,201,01,6,6,492,44176,2024,历史,不限,否
11420,河北金融学院（中外合作办学）      X,202,02,4,4,488,47139,2024,历史,不限,否
11439,吉林农业科技学院                 &gt;&gt;,201,01,2,2,492,44143,2024,历史,不限,否
11460,南京晓庄学院             XV,201,01,4,4,503,37245,2024,历史,不限,否
11460,南京晓庄学院            W,202,02,12,12,505,35592,2024,历史,不限,否
11463,江苏理工学院,201,01,3,3,500,38742,2024,历史,不限,否
11482,浙江财经大学,201,01,8,8,553,13637,2024,历史,不限,否
11482,浙江财经大学（中外合作办学）,202,02,1,1,556,12679,2024,历史,不限,否
11482,浙江财经大学（中外合作办学）,207,07,3,3,509,33391,2024,历史,不限,否
11504,江西警察学院,201,01,3,3,1521,27172,2024,历史,不限,否
11508,新余学院,202,02,2,0,505,35875,2024,历史,不限,否
11517,河南工程学院,201,01,8,8,494,42879,2024,历史,不限,否
11527,湖南城市学院,201,01,2,2,502,37765,2024,历史,不限,否
11527,湖南城市学院,202,02,2,2,497,40829,2024,历史,不限,否
11527,湖南城市学院,203,03,2,2,495,42205,2024,历史,不限,否
11532,湖南财政经济学院,201,01,17,17,509,33262,2024,历史,不限,否
11534,湖南警察学院,201,01,30,2,527,23998,2024,历史,不限,否
11534,湖南警察学院,202,02,1,1,513,31163,2024,历史,不限,否
11535,湖南工业大学,201,01,19,19,522,26333,2024,历史,不限,否
11538,湖南女子学院,201,01,4,4,494,42653,2024,历史,不限,否
11540,东金融学院,211,11,241,241,527,24224,2024,历史,不限,否
11540,东金融学院                      &gt;&gt;,212,12,434,434,512,31676,2024,历史,不限,否
11540,广东金融学院,213,13,422,422,513,31191,2024,历史,不限,否
11540,广东金融学院,214,14,963,963,502,37741,2024,历史,不限,否
11540,广东金融学院(国际班) X,215,15,169,169,489,46392,2024,历史,不限,否
11540,广东金融学院(地方专项),230,30,20,20,517,28801,2024,历史,不限,否
11545,电子科技大学中山学院,205,05,1278,1278,475,56386,2024,历史,不限,否
11546,广西科技师范学院,201,01,14,14,495,41909,2024,历史,不限,否
11548,西财经学院,201,01,6,6,504,36453,2024,历史,不限,否
11549,南宁学院,201,01,10,10,488,47114,2024,历史,不限,否
11551,重庆科技大学,201,01,3,3,516,29487,2024,历史,不限,否
11560,西安财经大学,202,02,2,0,506,35311,2024,历史,不限,否
11600,湖北经济学院,201,01,1,0,521,27203,2024,历史,不限,否
11600,湖北经济学院,202,02,7,0,521,26850,2024,历史,不限,否
11607,北部湾大学,201,01,3,3,512,31902,2024,历史,不限,否
11607,北部湾大学,202,02,14,14,497,41050,2024,历史,不限,否
11607,北部湾大学,203,03,30,4,516,29622,2024,历史,不限,否
11607,北部湾大学,204,04,2,2,507,34443,2024,历史,不限,否
11629,北华航天工业学院,201,01,3,3,493,43666,2024,历史,不限,否
11641,江苏海洋大学,201,01,4,4,513,31442,2024,历史,不限,否
11646,宁波大学,201,01,3,3,585,5389,2024,历史,不限,否
11646,宁波大学,202,02,6,6,572,8118,2024,历史,不限,否
11647,浙江传媒学院,201,01,2,2,535,20469,2024,历史,不限,否
11647,浙江传媒学院,202,02,25,25,542,17573,2024,历史,不限,否
11647,浙江传媒学院（中外合作办学）,203,03,4,4,533,21184,2024,历史,不限,否
11647,浙江传媒学院,213,13,23,23,528,23586,2024,历史,不限,否
11652,河南财政金融学院,201,01,3,3,493,43601,2024,历史,不限,否
11652,河南财政金融学院,202,02,8,8,496,41477,2024,历史,不限,否
11653,南阳理工学院,201,01,1,1,494,43054,2024,历史,不限,否
11653,南阳理工学院,202,02,6,6,493,43376,2024,历史,不限,否
11653,南阳理工学院,W203&gt;,03,3,3,493,43459,2024,历史,不限,否
11653,南阳理工学院                           1,204,04,1,1,493,43205,2024,历史,不限,否
11656,东石油化工学院                     X,209,09,117,117,500,38962,2024,历史,不限,否
11656,东石油化工学院                     人,210,10,316,316,499,39355,2024,历史,不限,否
11656,东石油化工学院                 &gt;,211,11,29,29,496,41378,2024,历史,不限,否
11656,广东石油化工学院       XV,212,12,52,52,498,39972,2024,历史,不限,否
11656,广东石油化工学院       M,213,13,321,321,497,40749,2024,历史,不限,否
11658,海南师范大学,201,01,2,2,553,13477,2024,历史,不限,否
11658,海南师范大学（中外合作办学）,202,02,2,2,500,38866,2024,历史,不限,否
11658,海南师范大学,203,03,16,16,532,21876,2024,历史,不限,否
11658,海南师范大学,205,05,4,4,532,21796,2024,历史,不限,否
11658,海南师范大学,206,06,3,3,1544,16859,2024,历史,不限,否
11658,海南师范大学,222,22,3,0,513,31302,2024,历史,不限,否
11660,重庆理工大学,201,01,2,2,529,23280,2024,历史,不限,否
11660,重庆理工大学,202,02,30,4,529,23338,2024,历史,不限,否
11660,重庆理工大学,203,03,2,2,530,22849,2024,历史,不限,否
11664,西安邮电大学,201,01,3,3,529,23259,2024,历史,不限,否
11664,西安邮电大学,202,02,17,17,520,27455,2024,历史,不限,否
11664,西安邮电大学(本科预科班),207,07,30,1,414,108694,2024,历史,不限,否
11688,山东工商学院,201,01,5,5,492,44373,2024,历史,不限,否
11688,山东工商学院,202,02,5,5,503,37006,2024,历史,不限,否
11688,山东工商学院                               &gt;,203,03,1,1,502,38026,2024,历史,不限,否
11726,长春大学,201,01,2,2,498,40101,2024,历史,不限,否
11726,长春大学（中外合作办学）         &gt;&gt;,202,02,2,2,489,46439,2024,历史,不限,否
11726,长春大学                              K,203,03,4,4,500,38675,2024,历史,不限,否
11731,贵州商学院                               Y,201,01,2,2,492,44405,2024,历史,不限,否
11731,贵州商学院（中外合作办学）,202,02,3,3,487,47456,2024,历史,不限,否
11765,河南城建学院,201,01,4,4,489,45859,2024,历史,不限,否
11775,防灾科技学院,202,02,3,3,497,40917,2024,历史,不限,否
11775,防灾科技学院,203,03,4,4,495,42465,2024,历史,不限,否
11798,武汉东湖学院,201,01,2,2,470,60325,2024,历史,不限,否
11798,武汉东湖学院,202,02,6,6,476,55799,2024,历史,不限,否
11799,重庆工商大学,202,02,2,2,539,18660,2024,历史,不限,否
11799,重庆工商大学（联合培养）,203,03,2,2,514,30977,2024,历史,不限,否
11800,汉口学院,201,01,10,10,476,55809,2024,历史,不限,否
11800,汉口学院,202,02,20,20,478,54097,2024,历史,不限,否
11802,黑龙江工程学院,201,01,2,2,493,43732,2024,历史,不限,否
11802,黑龙江工程学院,202,02,30,4,491,44708,2024,历史,不限,否
11810,海南医科大学,201,01,2,2,508,34227,2024,历史,不限,否
11819,东莞理工学院,206,06,398,398,514,30716,2024,历史,不限,否
11819,东莞理工学院,207,07,499,499,497,41070,2024,历史,不限,否
11819,东莞理工学院（粤台联合培养）,218,18,30,30,504,36177,2024,历史,不限,否
11825,桂林航天工业学院,201,01,2,2,495,42374,2024,历史,不限,否
11833,上海杉达学院,201,01,2,2,484,49952,2024,历史,不限,否
11833,上海杉达学院（中外合作办学）,202,02,2,2,477,54693,2024,历史,不限,否
11834,黄河科技学院,201,01,6,6,482,51131,2024,历史,不限,否
11835,上海政法学院,201,01,3,3,559,11675,2024,历史,不限,否
11835,上海政法学院,202,02,32,32,565,9787,2024,历史,不限,否
11835,上海政法学院,203,03,4,4,581,5993,2024,历史,不限,否
11837,桂林旅游学院,201,01,4,4,495,42370,2024,历史,不限,否
11837,桂林旅游学院,202,02,15,15,494,42498,2024,历史,不限,否
11837,桂林旅游学院（中外合作办学）,W203&gt;,03,4,4,476,55687,2024,历史,不限,否
11837,桂林旅游学院,204,04,1,1,496,41762,2024,历史,不限,否
11838,贺州学院                                 X,?201,01,12,12,496,41714,2024,历史,不限,否
11843,九江学院                             張人,201,01,10,10,495,42038,2024,历史,不限,否
11845,广东工业大学                       &gt;,200,00,30,30,535,20562,2024,历史,不限,否
11845,东工业大学             YV,201,01,220,220,533,21187,2024,历史,不限,否
11845,广东工业大学            A,202,02,35,35,535,20426,2024,历史,不限,否
11845,广东工业大学,203,03,415,415,534,20729,2024,历史,不限,否
11845,东工业大学,204,04,124,124,549,15037,2024,历史,不限,否
11845,东工业大学,205,05,126,126,535,20411,2024,历史,不限,否
11845,东工业大学（学分互认）,261,61,64,64,506,34934,2024,历史,不限,否
11845,广东工业大学（学分互认）,268,68,25,25,1529,23281,2024,历史,不限,否
11845,广东工业大学(地方专项),271,71,60,0,512,31754,2024,历史,不限,否
11846,广东外语外贸大学,201,01,342,342,554,13341,2024,历史,不限,否
11846,东外语外贸大学,202,02,409,409,552,13797,2024,历史,不限,否
11846,东外语外贸大学,203,03,290,290,550,14555,2024,历史,不限,否
11846,东外语外贸大学,204,04,509,509,557,12256,2024,历史,不限,否
11846,东外语外贸大学,205,05,49,49,556,12443,2024,历史,不限,否
11846,东外语外贸大学(合作办学),206,06,40,40,532,21651,2024,历史,不限,否
11846,广东外语外贸大学(地方专项),207,07,84,84,517,28950,2024,历史,不限,否
11847,佛山大学(原佛山科学技术学院),219,19,307,307,529,22942,2024,历史,不限,否
11847,佛山大学（原佛山科学技术学院）       →,220,20,93,93,543,17374,2024,历史,不限,否
11847,佛山大学（原佛山科学技术学院）,221,21,67,67,534,20751,2024,历史,不限,否
11847,佛山大学（原佛山科学技术学院）,222,22,21,21,540,18562,2024,历史,不限,否
11847,佛山大学(原佛山科学技术学院)(地方专,226,26,15,9,510,33125,2024,历史,不限,否
12044,上海第二工业大学,201,01,4,4,524,25471,2024,历史,不限,否
12048,南京特殊教育师范学院,201,01,1,1,531,22066,2024,历史,不限,否
12048,南京特殊教育师范学院,202,02,4,4,533,21403,2024,历史,不限,否
12048,南京特殊教育师范学院,203,03,1,0,517,29302,2024,历史,不限,否
12056,南通理工学院,201,01,23,0,472,58787,2024,历史,不限,否
12059,广东培正学院,203,03,1701,0,456,71172,2024,历史,不限,否
12059,广东培正学院（学分互认）,205,05,23,23,442,83220,2024,历史,不限,否
12107,贵州警察学院,201,01,5,5,513,31264,2024,历史,不限,否
12121,南方医科大学,205,05,100,100,550,14665,2024,历史,不限,否
12121,南方医科大学（地方专项）,212,12,20,20,516,29364,2024,历史,不限,否
12214,湖南医药学院,201,01,1,1,505,36074,2024,历史,不限,否
12216,安徽新华学院,201,01,3,3,479,53518,2024,历史,不限,否
12303,湖南涉外经济学院,201,01,33,33,467,62373,2024,历史,不限,否
12308,海口经济学院,201,01,5,5,441,84290,2024,历史,不限,否
12308,海口经济学院,202,02,47,44,428,96155,2024,历史,不限,否
12309,武昌首义学院,201,01,5,5,487,47407,2024,历史,不限,否
12310,武昌理工学院,201,01,15,15,477,54651,2024,历史,不限,否
12332,烟台南山学院                  &gt;,201,01,5,5,481,52172,2024,历史,不限,否
12362,武汉生物工程学院,201,01,18,18,485,48827,2024,历史,不限,否
12453,中国劳动关系学院,201,01,21,21,522,26749,2024,历史,不限,否
12544,宁夏理工学院,201,01,2,2,477,55096,2024,历史,不限,否
12544,宁夏理工学院,202,02,2,2,480,52716,2024,历史,不限,否
12560,云南经济管理学院,201,01,4,4,477,55091,2024,历史,不限,否
12574,广东东软学院,W219,19,41,41,462,65868,2024,历史,不限,否
12574,东东软学院,220,20,34,34,456,71088,2024,历史,不限,否
12574,东东软学院                            X,A221,21,20,20,459,68700,2024,历史,不限,否
12574,东东软学院                        冏人,222,22,20,20,457,69964,2024,历史,不限,否
12574,东东软学院                      &gt;&gt;,223,23,41,41,456,71511,2024,历史,不限,否
12574,东东软学院             XV,224,24,30,30,452,74152,2024,历史,不限,否
12587,上海立达学院            NA,201,01,4,4,435,89556,2024,历史,不限,否
12608,重庆工程学院,201,01,8,8,486,48365,2024,历史,不限,否
12617,广州城市理工学院T,204,04,300,300,483,50073,2024,历史,不限,否
12618,广州软件学院A,210,10,500,500,464,64844,2024,历史,不限,否
12618,广州软件学院（国际班）,212,12,14,14,449,77430,2024,历史,不限,否
12619,广州南方学院,201,01,1139,1139,473,57564,2024,历史,不限,否
12619,广州南方学院（联合培养）,203,03,45,0,443,82155,2024,历史,不限,否
12620,广东外语外贸大学南国商学院,211,11,205,205,469,60695,2024,历史,不限,否
12620,东外语外贸大学南国商学院,212,12,325,325,469,61089,2024,历史,不限,否
12620,东外语外贸大学南国商学院,213,13,390,390,473,58085,2024,历史,不限,否
12620,东外语外贸大学南国商学院,214,14,208,208,468,61882,2024,历史,不限,否
12620,东外语外贸大学南国商学院,215,15,197,197,462,66024,2024,历史,不限,否
12620,东外语外贸大学南国商学院（联合培养）,231,31,114,114,446,79704,2024,历史,不限,否
12621,广州华商学院,201,01,764,764,436,88427,2024,历史,不限,否
12621,广州华商学院,202,02,1045,1045,438,86974,2024,历史,不限,否
12621,广州华商学院                               A,203,03,30,30,449,76883,2024,历史,不限,否
12621,广州华商学院（学分互认）             1,204,04,65,30,428,95568,2024,历史,不限,否
12621,广州华商学院                        &gt;&gt;,205,05,5,4,431,93358,2024,历史,不限,否
12622,湛江科技学院                          W,204,04,2668,843,428,96229,2024,历史,不限,否
12622,湛江科技学院                             Y,205,05,100,3,430,93911,2024,历史,不限,否
12623,华南农业大学珠江学院,209,09,90,76,428,96151,2024,历史,不限,否
12623,华南农业大学珠江学院,210,10,2068,2068,441,83743,2024,历史,不限,否
12636,成都东软学院,201,01,4,4,484,49507,2024,历史,不限,否
12649,湖南科技大学潇湘学院,201,01,3,3,494,42627,2024,历史,不限,否
12650,南华大学船山学院,201,01,5,5,488,46657,2024,历史,不限,否
12651,湘潭理工学院,201,01,3,0,485,48956,2024,历史,不限,否
12656,中南林业科技大学涉外学院,201,01,14,0,486,48466,2024,历史,不限,否
12657,湖南文理学院芙蓉学院,201,01,2,0,494,43022,2024,历史,不限,否
12657,湖南文理学院芙蓉学院,202,02,2,2,489,46115,2024,历史,不限,否
12658,湖南理工学院南湖学院,201,01,4,4,490,45511,2024,历史,不限,否
12659,衡阳师范学院南岳学院,201,01,2,2,497,40796,2024,历史,不限,否
12661,湖南中医药大学湘杏学院,201,01,30,1,447,78519,2024,历史,不限,否
12662,张家界学院,201,01,2,2,479,53718,2024,历史,不限,否
12668,广州理工学院,203,03,1930,1930,431,93383,2024,历史,不限,否
12689,东南大学成贤学院,201,01,4,4,487,47605,2024,历史,不限,否
12709,厦门华厦学院,201,01,1,1,487,47779,2024,历史,不限,否
12709,厦门华厦学院,202,02,2,2,469,60398,2024,历史,不限,否
12710,闽南理工学院,201,01,2,2,480,52225,2024,历史,不限,否
12712,西安欧亚学院,201,01,16,16,467,62016,2024,历史,不限,否
12713,西安外事学院              二,201,01,4,4,477,55094,2024,历史,不限,否
12713,西安外事学院,202,02,18,18,469,60702,2024,历史,不限,否
12714,西安翻译学院,201,01,38,38,457,70430,2024,历史,不限,否
12715,西京学院,201,01,2,2,474,56943,2024,历史,不限,否
12715,西京学院,202,02,2,2,480,52514,2024,历史,不限,否
12715,西京学院,203,03,2,2,472,58179,2024,历史,不限,否
12747,郑州工业应用技术学院,W201,01,6,6,478,54212,2024,历史,不限,否
12766,江西工程学院,201,01,3,3,484,49528,2024,历史,不限,否
12779,山西应用科技学院                      X,1201,01,2,2,482,51418,2024,历史,不限,否
12779,山西应用科技学院                 偈人,202,02,1,1,481,51544,2024,历史,不限,否
12784,河北传媒学院                      &gt;&gt;,201,01,9,9,450,75895,2024,历史,不限,否
12792,浙江越秀外国语学院     YV,201,01,4,4,470,59918,2024,历史,不限,否
12792,浙江越秀外国语学院   VNA,202,02,32,32,459,69032,2024,历史,不限,否
12795,南昌理工学院,201,01,27,27,482,51109,2024,历史,不限,否
12795,南昌理工学院       7,202,02,3,3,445,80434,2024,历史,不限,否
12795,南昌理工学院,213,13,3,3,465,63896,2024,历史,不限,否
12802,吉利学院      &lt;,201,01,4,4,469,61074,2024,历史,不限,否
12915,上海中侨职业技术大学,201,01,21,21,447,78953,2024,历史,不限,否
12928,泉州职业技术大学,201,01,10,10,1475,56617,2024,历史,不限,否
12938,江西应用科技学院,201,01,20,0,474,57036,2024,历史,不限,否
12992,闽南科技学院,201,01,1,1,476,55262,2024,历史,不限,否
12992,闽南科技学院,202,02,30,5,479,53336,2024,历史,不限,否
13001,宁波财经学院,201,01,12,12,470,60029,2024,历史,不限,否
13021,浙大城市学院,201,01,1,1,540,18333,2024,历史,不限,否
13021,浙大城市学院,202,02,4,4,526,24572,2024,历史,不限,否
13022,浙大宁波理工学院(中外合作办学),201,01,8,8,489,46548,2024,历史,不限,否
13065,安徽外国语学院,201,01,8,8,467,62345,2024,历史,不限,否
13115,厦门工学院,201,01,9,9,481,51482,2024,历史,不限,否
13121,西安思源学院                               &gt;,201,01,2,2,488,46634,2024,历史,不限,否
13188,武汉晴川学院                            1,201,01,6,6,477,54947,2024,历史,不限,否
13198,大连理工大学城市学院            &gt;&gt;,201,01,4,4,467,62529,2024,历史,不限,否
13212,大连医科大学中山学院            K,201,01,4,4,467,62165,2024,历史,不限,否
13215,辽宁师范大学海华学院                Y,201,01,8,8,471,58942,2024,历史,不限,否
13220,沈阳城市学院,201,01,10,10,458,69892,2024,历史,不限,否
13235,武汉城市学院,201,01,8,8,477,54790,2024,历史,不限,否
13236,三峡大学科技学院,201,01,8,8,488,46907,2024,历史,不限,否
13238,湖北工业大学工程技术学院,202,02,10,0,482,51213,2024,历史,不限,否
13240,武汉纺织大学外经贸学院,201,01,1,0,481,51783,2024,历史,不限,否
13240,武汉纺织大学外经贸学院,202,02,3,3,472,58428,2024,历史,不限,否
13241,武昌工学院,201,01,4,4,481,52073,2024,历史,不限,否
13242,武汉工商学院,201,01,2,2,484,49496,2024,历史,不限,否
13242,武汉工商学院,202,02,12,12,477,54625,2024,历史,不限,否
13246,长江大学文理学院,201,01,3,3,487,47733,2024,历史,不限,否
13247,湖北商贸学院,201,01,8,8,482,51168,2024,历史,不限,否
13250,湖北恩施学院,201,01,5,5,477,54705,2024,历史,不限,否
13250,湖北恩施学院,202,02,5,5,485,49172,2024,历史,不限,否
13251,湖北经济学院法商学院,201,01,9,9,480,52242,2024,历史,不限,否
13253,武汉体育学院体育科技学院,201,01,4,4,484,49870,2024,历史,不限,否
13256,湖北师范大学文理学院,201,01,2,2,491,44865,2024,历史,不限,否
13256,湖北师范大学文理学院,202,02,6,6,488,46904,2024,历史,不限,否
13262,文华学院                     Y,201,01,2,2,488,47067,2024,历史,不限,否
13262,文华学院,202,02,6,6,484,49905,2024,历史,不限,否
13290,浙江工商大学杭州商学院,201,01,3,3,486,48307,2024,历史,不限,否
13290,浙江工商大学杭州商学院,202,02,19,19,483,50244,2024,历史,不限,否
13296,黑龙江外国语学院,202,02,88,88,433,91236,2024,历史,不限,否
13300,黑龙江工商学院,201,01,20,20,460,67689,2024,历史,不限,否
13307,哈尔滨华德学院,201,01,21,21,451,75235,2024,历史,不限,否
13324,山东协和学院,201,01,4,4,471,59137,2024,历史,不限,否
13324,山东协和学院                            X,202,02,4,4,484,49559,2024,历史,不限,否
13326,滇池学院                             偈人,201,01,1,1,483,50481,2024,历史,不限,否
13326,滇池学院                            &gt;&gt;,202,02,11,11,482,50939,2024,历史,不限,否
13328,丽江文化旅游学院        XV,201,01,2,2,478,54028,2024,历史,不限,否
13328,丽江文化旅游学院,202,02,4,4,481,51604,2024,历史,不限,否
13328,丽江文化旅游学院,203,03,4,4,473,58057,2024,历史,不限,否
13330,昆明城市学院,201,01,21,21,478,54268,2024,历史,不限,否
13332,昆明医科大学海源学院,202,02,2,2,489,45921,2024,历史,不限,否
13378,青岛城市学院,201,01,6,6,470,59834,2024,历史,不限,否
13386,山东石油化工学院,201,01,2,2,1493,43563,2024,历史,不限,否
13402,河北外国语学院,201,01,4,0,474,57444,2024,历史,不限,否
13408,华北理工大学轻工学院,201,01,5,5,480,52415,2024,历史,不限,否
13415,河北医科大学临床学院,201,01,4,4,494,42571,2024,历史,不限,否
13418,江西服装学院,201,01,11,11,463,65425,2024,历史,不限,否
13420,南昌职业大学,201,01,2,2,469,60661,2024,历史,不限,否
13421,南昌工学院,201,01,8,8,472,58824,2024,历史,不限,否
13429,南昌大学科学技术学院,201,01,30,12,492,43829,2024,历史,不限,否
13431,南昌交通学院,201,01,2,2,485,49293,2024,历史,不限,否
13431,南昌交通学院,202,02,3,3,483,50634,2024,历史,不限,否
13432,赣东学院                                     &gt;,201,01,2,2,495,41935,2024,历史,不限,否
13432,赣东学院,202,02,6,6,496,41649,2024,历史,不限,否
13433,南昌航空大学科技学院            &gt;&gt;,201,01,18,18,486,48126,2024,历史,不限,否
13434,赣南科技学院                       K,201,01,2,2,498,39998,2024,历史,不限,否
13435,景德镇艺术职业大学,202,02,2,2,486,48504,2024,历史,不限,否
13436,江西农业大学南昌商学院,201,01,3,3,491,44839,2024,历史,不限,否
13436,江西农业大学南昌商学院,202,02,15,15,488,47042,2024,历史,不限,否
13436,江西农业大学南昌商学院,203,03,1,1,491,44970,2024,历史,不限,否
13437,南昌医学院,201,01,3,3,494,42576,2024,历史,不限,否
13437,南昌医学院,202,02,8,8,500,39117,2024,历史,不限,否
13438,江西师范大学科学技术学院,202,02,2,0,499,39698,2024,历史,不限,否
13439,赣南师范大学科技学院,201,01,2,2,493,43420,2024,历史,不限,否
13439,赣南师范大学科技学院,202,02,16,16,492,44254,2024,历史,不限,否
13440,南昌应用技术师范学院,201,01,6,6,492,44286,2024,历史,不限,否
13440,南昌应用技术师范学院,202,02,1,1,497,40813,2024,历史,不限,否
13441,江西财经大学现代经济管理学院,201,01,3,3,492,44275,2024,历史,不限,否
13441,江西财经大学现代经济管理学院,202,02,23,23,489,45898,2024,历史,不限,否
13441,江西财经大学现代经济管理学院,203,03,4,4,492,43834,2024,历史,不限,否
13468,阳光学院,201,01,2,2,485,48679,2024,历史,不限,否
13469,厦门大学嘉庚学院,201,01,3,3,494,43106,2024,历史,不限,否
13469,厦门大学嘉庚学院,202,02,30,30,491,44543,2024,历史,不限,否
13470,福州大学至诚学院,201,01,2,2,492,44152,2024,历史,不限,否
13470,福州大学至诚学院,202,02,9,9,489,46277,2024,历史,不限,否
13471,集美大学诚毅学院         &gt;,201,01,2,2,491,44724,2024,历史,不限,否
13471,集美大学诚毅学院,202,02,9,9,492,44039,2024,历史,不限,否
13472,福建师范大学协和学院,201,01,3,3,493,43218,2024,历史,不限,否
13472,福建师范大学协和学院,202,02,1,1,481,51892,2024,历史,不限,否
13497,郑州财经学院,201,01,14,14,487,47666,2024,历史,不限,否
13503,信阳学院,201,01,3,3,493,43150,2024,历史,不限,否
13514,兰州博文科技学院,W201&gt;,01,4,4,480,52618,2024,历史,不限,否
13524,北海艺术设计学院                     1,201,01,30,30,479,53069,2024,历史,不限,否
13538,山西晋中理工学院                      X,201,01,2,2,482,51125,2024,历史,不限,否
13571,无锡太湖学院                           人,202,02,52,52,477,54984,2024,历史,不限,否
13578,河北工程大学科信学院           &gt;&gt;,201,01,1,1,487,47403,2024,历史,不限,否
13579,中国矿业大学徐海学院 XV,201,01,2,2,486,48613,2024,历史,不限,否
13579,中国矿业大学徐海学院M,202,02,12,12,485,48726,2024,历史,不限,否
13588,重庆外语外事学院,201,01,4,4,489,46034,2024,历史,不限,否
13588,重庆外语外事学院7,202,02,14,14,484,50027,2024,历史,不限,否
13589,重庆对外经贸学院,201,01,7,7,492,44300,2024,历史,不限,否
13593,石家庄铁道大学四方学院,201,01,7,7,484,49539,2024,历史,不限,否
13594,河北地质大学华信学院,201,01,6,6,480,52490,2024,历史,不限,否
13597,山西科技学院,201,01,1,0,497,40820,2024,历史,不限,否
13602,长春电子科技学院,201,01,2,2,470,59963,2024,历史,不限,否
13603,长春财经学院,201,01,30,7,468,61202,2024,历史,不限,否
13611,蚌埠工商学院,201,01,4,4,483,50444,2024,历史,不限,否
13614,马鞍山学院,201,01,7,7,465,63686,2024,历史,不限,否
13615,合肥城市学院,201,01,3,3,472,58657,2024,历史,不限,否
13622,吉林师范大学博达学院,201,01,30,8,468,61589,2024,历史,不限,否
13622,吉林师范大学博达学院,202,02,10,10,472,58735,2024,历史,不限,否
13622,吉林师范大学博达学院,203,03,2,2,487,47623,2024,历史,不限,否
13625,昆明文理学院,201,01,2,2,482,50995,2024,历史,不限,否
13625,昆明文理学院,202,02,21,21,477,55002,2024,历史,不限,否
13626,昆明理工大学津桥学院           &gt;&gt;,202,02,7,7,470,60309,2024,历史,不限,否
13627,重庆移通学院                        K,201,01,8,8,483,50062,2024,历史,不限,否
13628,新疆政法学院                             Y,201,01,2,2,491,44450,2024,历史,不限,否
13628,新疆政法学院            XY,202,02,13,13,494,42967,2024,历史,不限,否
13632,上海视觉艺术学院,201,01,4,4,504,36480,2024,历史,不限,否
13634,武汉学院        ?,201,01,17,17,487,47820,2024,历史,不限,否
13635,长沙理工大学城南学院,201,01,11,11,492,44142,2024,历史,不限,否
13639,柳州工学院,201,01,10,10,479,53348,2024,历史,不限,否
13640,西民族大学相思湖学院,201,01,36,36,489,46244,2024,历史,不限,否
13641,桂林学院,201,01,9,9,488,46585,2024,历史,不限,否
13644,桂林信息科技学院,201,01,12,12,471,59122,2024,历史,不限,否
13644,桂林信息科技学院,202,02,28,28,466,63446,2024,历史,不限,否
13645,南宁理工学院,201,01,8,8,482,50908,2024,历史,不限,否
13650,贵阳信息科技学院,201,01,5,5,485,49201,2024,历史,不限,否
13651,贵阳人文科技学院,201,01,2,2,488,47206,2024,历史,不限,否
13654,南京理工大学紫金学院,201,01,14,14,490,45591,2024,历史,不限,否
13655,南京航空航天大学金城学院,201,01,6,6,482,50906,2024,历史,不限,否
13656,广州华立学院(国际班),207,07,50,19,428,96256,2024,历史,不限,否
13656,广州华立学院,208,08,650,628,428,96249,2024,历史,不限,否
13656,广州华立学院,209,09,705,668,428,96247,2024,历史,不限,否
13657,广州应用科技学院,201,01,320,320,454,73119,2024,历史,不限,否
13657,广州应用科技学院,202,02,320,320,453,73875,2024,历史,不限,否
13657,广州应用科技学院,209,09,245,245,445,80387,2024,历史,不限,否
13657,广州应用科技学院        &lt;,210,10,247,247,433,90679,2024,历史,不限,否
13657,广州应用科技学院,211,11,390,248,428,96262,2024,历史,不限,否
13657,广州应用科技学院,212,12,40,40,428,95450,2024,历史,不限,否
13657,广州应用科技学院,213,13,200,200,432,91628,2024,历史,不限,否
13657,广州应用科技学院（联合培养）,226,26,40,14,428,96203,2024,历史,不限,否
13657,广州应用科技学院（联合培养）,227,27,35,23,429,95225,2024,历史,不限,否
13657,广州应用科技学院(联合培养),W228&gt;,28,25,3,430,94389,2024,历史,不限,否
13657,州应用科技学院（联合培养）,229,29,65,42,428,96192,2024,历史,不限,否
13658,天津外国语大学滨海外事学院       X,1201,01,3,3,486,48594,2024,历史,不限,否
13660,天津商业大学宝德学院            偈人,201,01,1,1,474,56801,2024,历史,不限,否
13660,天津商业大学宝德学院           &gt;,202,02,1,1,490,45407,2024,历史,不限,否
13660,天津商业大学宝德学院,203,03,1,1,456,71251,2024,历史,不限,否
13660,天津商业大学宝德学院VMA,204,04,4,4,483,50302,2024,历史,不限,否
13661,天津医科大学临床医学院,201,01,1,1,489,46200,2024,历史,不限,否
13661,天津医科大学临床医学院,202,02,4,2,431,92740,2024,历史,不限,否
13662,长春人文学院,201,01,4,4,475,56458,2024,历史,不限,否
13665,电子科技大学成都学院,202,02,15,15,483,50369,2024,历史,不限,否
13666,武汉华夏理工学院,201,01,6,6,477,55049,2024,历史,不限,否
13667,广州商学院,201,01,1628,1628,1460,68111,2024,历史,不限,否
13667,广州商学院(中外合作办学/联合培养),202,02,46,46,435,89473,2024,历史,不限,否
13667,广州商学院,203,03,181,181,446,79135,2024,历史,不限,否
13668,成都理工大学工程技术学院,201,01,10,10,485,48914,2024,历史,不限,否
13669,四川传媒学院,201,01,42,42,465,63547,2024,历史,不限,否
13670,成都银杏酒店管理学院,201,01,9,9,476,55834,2024,历史,不限,否
13673,成都外国语学院,201,01,53,53,479,52960,2024,历史,不限,否
13682,西安工商学院,201,01,2,2,484,49965,2024,历史,不限,否
13684,珠海科技学院,207,07,1712,1712,487,47648,2024,历史,不限,否
13686,武汉传媒学院,201,01,14,14,485,48964,2024,历史,不限,否
13686,武汉传媒学院                               &gt;,213,13,14,14,459,68681,2024,历史,不限,否
13687,南京传媒学院,201,01,87,87,469,60551,2024,历史,不限,否
13687,南京传媒学院（中外合作办学） 1&gt;&gt;,202,02,22,22,444,81065,2024,历史,不限,否
13714,广州工商学院                        K,201,01,1435,1126,428,96208,2024,历史,不限,否
13714,广州工商学院             XY,203,03,38,8,430,94185,2024,历史,不限,否
13714,广州工商学院,205,05,27,12,428,96161,2024,历史,不限,否
13714,广州工商学院,206,06,25,4,430,93512,2024,历史,不限,否
13717,广州科技职业技术大学,201,01,510,510,439,85702,2024,历史,不限,否
13717,州科技职业技术大学(校企联合培养),209,09,10,10,432,91782,2024,历史,不限,否
13719,东科技学院,201,01,2010,1465,428,96257,2024,历史,不限,否
13719,广东科技学院(联合培养),208,08,25,0,428,96216,2024,历史,不限,否
13719,广东科技学院（国际班）,216,16,30,0,428,96253,2024,历史,不限,否
13720,广东理工学院,205,05,600,273,428,96251,2024,历史,不限,否
13721,东工商职业技术大学,209,09,720,341,428,96265,2024,历史,不限,否
13721,广东工商职业技术大学,210,10,435,375,428,96259,2024,历史,不限,否
13744,黑河学院,201,01,2,2,492,44005,2024,历史,不限,否
13744,黑河学院,202,02,10,10,492,44432,2024,历史,不限,否
13762,福州外语外贸学院,201,01,2,2,490,45483,2024,历史,不限,否
13763,福建江夏学院,201,01,4,4,510,33024,2024,历史,不限,否
13766,泉州信息工程学院,201,01,8,8,473,58040,2024,历史,不限,否
13774,豫章师范学院,201,01,4,4,496,41226,2024,历史,不限,否
13774,豫章师范学院,202,02,2,2,496,41471,2024,历史,不限,否
13774,豫章师范学院,203,03,2,2,505,35538,2024,历史,不限,否
13776,江西软件职业技术大学,201,01,2,2,474,56730,2024,历史,不限,否
13776,江西软件职业技术大学,202,02,2,2,476,55789,2024,历史,不限,否
13806,长沙师范学院,201,01,3,3,504,36553,2024,历史,不限,否
13809,湖南应用技术学院,201,01,1,1,492,44000,2024,历史,不限,否
13809,湖南应用技术学院,202,02,1,1,493,43355,2024,历史,不限,否
13810,肇庆医学院（原肇庆医学高等专科学校）,202,02,100,100,447,78371,2024,历史,不限,否
13811,琼台师范学院,W201,01,3,3,501,38657,2024,历史,不限,否
13811,琼台师范学院,202,02,5,5,503,36815,2024,历史,不限,否
13816,四川工业科技学院                     X,?201,01,5,5,488,47108,2024,历史,不限,否
13830,广西外国语学院                   張偈,201,01,24,24,478,53911,2024,历史,不限,否
13843,南京师范大学泰州学院           &gt;&gt;,201,01,12,12,489,46355,2024,历史,不限,否
13843,南京师范大学泰州学院,202,02,28,28,485,49094,2024,历史,不限,否
13844,东莞城市学院            NA,208,08,1603,1603,442,82646,2024,历史,不限,否
13844,东莞城市学院,209,09,111,111,439,85383,2024,历史,不限,否
13844,东莞城市学院（联合培养）,211,11,20,4,429,94888,2024,历史,不限,否
13892,三亚学院,201,01,5,5,459,68437,2024,历史,不限,否
13892,三亚学院N,203,03,39,39,461,67296,2024,历史,不限,否
13892,三亚学院（中外合作办学）,204,04,1,1,478,54254,2024,历史,不限,否
13892,三亚学院1×,205,05,2,0,1478,54402,2024,历史,不限,否
13892,三亚学院,213,13,1,0,477,54757,2024,历史,不限,否
13893,上海师范大学天华学院,201,01,2,2,461,66950,2024,历史,不限,否
13894,西安明德理工学院,201,01,4,4,466,62998,2024,历史,不限,否
13897,天津理工大学中环信息学院,201,01,30,4,482,50785,2024,历史,不限,否
13898,北京科技大学天津学院,201,01,2,2,486,48056,2024,历史,不限,否
13898,北京科技大学天津学院,202,02,6,6,483,50405,2024,历史,不限,否
13899,北京中医药大学东方学院,201,01,4,4,482,50938,2024,历史,不限,否
13899,北京中医药大学东方学院,202,02,1,1,492,44073,2024,历史,不限,否
13901,北京邮电大学世纪学院,201,01,1,1,476,55486,2024,历史,不限,否
13902,广州新华学院                               &gt;,201,01,1020,1020,478,54286,2024,历史,不限,否
13902,广州新华学院,202,02,45,45,477,55042,2024,历史,不限,否
13903,成都锦城学院                       &gt;&gt;,208,08,6,6,492,44024,2024,历史,不限,否
13903,成都锦城学院                        K,211,11,8,8,488,46722,2024,历史,不限,否
13906,南京师范大学中北学院,201,01,8,8,490,45230,2024,历史,不限,否
13920,广西城市职业大学,201,01,75,75,463,65783,2024,历史,不限,否
13924,湖南交通工程学院,201,01,2,2,468,61343,2024,历史,不限,否
13924,湖南交通工程学院,202,02,4,2,431,93196,2024,历史,不限,否
13980,南京医科大学康达学院,201,01,4,4,483,50467,2024,历史,不限,否
13980,南京医科大学康达学院,202,02,8,8,479,53505,2024,历史,不限,否
13982,无锡学院,201,01,8,0,516,29390,2024,历史,不限,否
13983,苏州城市学院,203,03,26,26,508,34198,2024,历史,不限,否
13984,苏州大学应用技术学院,201,01,7,0,483,50773,2024,历史,不限,否
13986,江苏大学京江学院,201,01,14,14,483,50283,2024,历史,不限,否
13987,扬州大学广陵学院,201,01,3,3,479,53512,2024,历史,不限,否
13987,扬州大学广陵学院,202,02,26,26,485,48844,2024,历史,不限,否
13988,江苏师范大学科文学院,201,01,4,4,484,49858,2024,历史,不限,否
13988,江苏师范大学科文学院,202,02,9,9,483,50258,2024,历史,不限,否
13988,江苏师范大学科文学院,207,07,2,2,466,63058,2024,历史,不限,否
13990,南京财经大学红山学院,201,01,17,17,483,50096,2024,历史,不限,否
13991,江苏科技大学苏州理工学院,201,01,2,2,487,47345,2024,历史,不限,否
13992,常州大学怀德学院,201,01,30,30,472,58720,2024,历史,不限,否
13994,南京审计大学金审学院,201,01,60,60,484,49317,2024,历史,不限,否
13995,青岛工学院,201,01,2,2,478,54403,2024,历史,不限,否
13995,青岛工学院,202,02,5,5,480,52285,2024,历史,不限,否
13998,齐鲁理工学院,201,01,3,3,478,53787,2024,历史,不限,否
14001,聊城大学东昌学院,201,01,10,10,487,47417,2024,历史,不限,否
14037,西南财经大学天府学院,201,01,15,15,485,48686,2024,历史,不限,否
14038,天津仁爱学院,201,01,2,2,479,53529,2024,历史,不限,否
14038,天津仁爱学院,/202,02,2,2,479,53071,2024,历史,不限,否
14038,天津仁爱学院,203,03,1,1,483,50474,2024,历史,不限,否
14039,四川大学锦江学院                     X,201,01,6,6,484,49334,2024,历史,不限,否
14042,西安科技大学高新学院             十人,201,01,2,2,477,54832,2024,历史,不限,否
14042,西安科技大学高新学院（国际班）,205,05,2,1,443,82164,2024,历史,不限,否
14043,四川文化艺术学院                        L,201,01,15,15,454,72444,2024,历史,不限,否
14046,福建农林大学金山学院(中外合作办学),201,01,2,2,477,55060,2024,历史,不限,否
14087,天津财经大学珠江学院,201,01,12,12,483,50677,2024,历史,不限,否
14098,合肥师范学院,201,01,4,4,494,42514,2024,历史,不限,否
14098,合肥师范学院,202,02,6,6,491,44962,2024,历史,不限,否
14139,民政职业大学,201,01,5,5,506,35491,2024,历史,不限,否
14172,海南科技职业大学,201,01,5,0,464,64562,2024,历史,不限,否
14202,沧州交通学院,201,01,7,7,470,59777,2024,历史,不限,否
14202,沧州交通学院,202,02,30,8,476,55402,2024,历史,不限,否
14207,上海财经大学浙江学院,201,01,8,8,488,47058,2024,历史,不限,否
14223,贵州师范学院,201,01,2,2,500,38912,2024,历史,不限,否
14225,河北东方学院,201,01,6,6,479,53626,2024,历史,不限,否
14225,河北东方学院,202,02,30,2,488,47111,2024,历史,不限,否
14226,运城职业技术大学,201 ?,01,1,1,486,48326,2024,历史,不限,否
14226,运城职业技术大学,202,02,1,1,492,44281,2024,历史,不限,否
14278,广东第二师范学院                         A,211,11,438,438,511,32302,2024,历史,不限,否
14278,东第二师范学院                     □,212,12,87,87,526,24752,2024,历史,不限,否
14278,东第二师范学院                 &gt;&gt;,213,13,125,125,508,33932,2024,历史,不限,否
14278,东第二师范学院                   V,214,14,68,68,537,19757,2024,历史,不限,否
14278,广东第二师范学院                       Y,216,16,50,50,496,41234,2024,历史,不限,否
14278,广东第二师范学院（学分互认）,228,28,15,15,497,40936,2024,历史,不限,否
14278,广东第二师范学院（学分互认）,229,29,15,15,489,46306,2024,历史,不限,否
14278,广东第二师范学院(学分互认）,230,30,15,15,493,43572,2024,历史,不限,否
14389,成都师范学院,201,01,3,3,515,29969,2024,历史,不限,否
14410,四川电影电视学院,201,01,23,23,481,52077,2024,历史,不限,否
14434,山西传媒学院,201,01,15,0,491,44616,2024,历史,不限,否
14437,南昌师范学院,201,01,2,2,500,38933,2024,历史,不限,否
14437,南昌师范学院,202,02,2,0,507,34326,2024,历史,不限,否
14596,中国社会科学院大学,201,01,14,0,597,3318,2024,历史,不限,否
14596,中国社会科学院大学,202,02,2,2,599,3169,2024,历史,不限,否
14623,滇西应用技术大学,201,01,4,4,493,43402,2024,历史,不限,否
14654,郑州西亚斯学院（中外合作办学）,201,01,4,4,459,69000,2024,历史,不限,否
14654,郑州西亚斯学院(中外合作办学),202,02,12,12,449,77301,2024,历史,不限,否
14655,深圳技术大学,204,04,248,248,543,17317,2024,历史,不限,否
16203,河北科技工程职业技术大学,201,01,9,9,491,44561,2024,历史,不限,否
16205,广西农业职业技术大学,201,01,5,5,493,43477,2024,历史,不限,否
16206,贵阳康养职业大学,201,01,2,2,492,44017,2024,历史,不限,否
16301,宁波诺丁汉大学,201,01,16,16,561,10902,2024,历史,不限,否
16301,宁波诺丁汉大学,202,02,4,4,573,7901,2024,历史,不限,否
16302,西交利物浦大学,201,01,4,4,590,4392,2024,历史,不限,否
16401,北京师范大学-香港浸会大学联合国际学,201,01,13,13,569,8769,2024,历史,不限,否
16405,温州肯恩大学,201,01,11,11,532,21642,2024,历史,不限,否
16409,深圳北理莫斯科大学,204,04,3,3,555,12747,2024,历史,不限,否
18213,哈尔滨工业大学 (深圳),201,01,41,41,610,1916,2024,历史,不限,否
19001,北京大学医学部,201,01,3,3,652,111,2024,历史,不限,否
19002,中国人民大学(苏州校区）（中外合作办学,201,01,7,7,619,1176,2024,历史,不限,否
19004,北京交通大学(威海校区)（中外合作办学),201,01,3,3,573,7785,2024,历史,不限,否
19027,北京师范大学 (珠海校区),201,01,60,60,620,1109,2024,历史,不限,否
19145,东北大学秦皇岛分校,201,01,10,10,587,4918,2024,历史,不限,否
19213,哈尔滨工业大学(威海),201,01,5,5,602,2793,2024,历史,不限,否
19359,合肥工业大学(宣城校区),201,01,2,2,570,8521,2024,历史,不限,否
19359,合肥工业大学（宣城校区）,202,02,4,4,567,9380,2024,历史,不限,否
19422,山东大学威海分校       A,201,01,19,19,598,3275,2024,历史,不限,否
19635,西南大学（荣昌校区）,201,01,3,3,576,7134,2024,历史,不限,否
51285,江西飞行学院     楊,201,01,4,4,492,43869,2024,历史,不限,否
51721,河北环境工程学院v&gt;,201,01,6,6,492,44418,2024,历史,不限,否
80001,汕头大学医学院,221,21,5,5,463,65272,2024,历史,不限,否
80002,华南师范大学(汕尾校区),201,01,130,130,565,9821,2024,历史,不限,否
80003,广东工业大学(揭阳校区),251,51,123,123,522,26551,2024,历史,不限,否
80004,广东技术师范大学(河源校区),203,03,25,25,520,27590,2024,历史,不限,否
81012,香港珠海学院,201,01,6,0,488,46916,2024,历史,不限,否
