score,rank,count
695-750,44,44
694,50,6
693,60,10
692,71,11
691,83,12
690,98,15
689,115,17
688,128,13
687,137,9
686,159,22
685,173,14
684,187,14
683,208,21
682,239,31
681,271,32
680,300,29
679,332,32
678,372,40
677,412,40
676,446,34
675,488,42
674,526,38
673,581,55
672,618,37
671,671,53
670,726,55
669,788,62
668,842,54
667,898,56
666,963,65
665,1046,83
664,1136,90
663,1241,105
662,1314,73
661,1416,102
660,1507,91
659,1603,96
658,1719,116
657,1847,128
656,1971,124
655,2080,109
654,2193,113
653,2315,122
652,2453,138
651,2596,143
650,2727,131
649,2879,152
648,3033,154
647,3218,185
646,3362,144
645,3532,170
644,3712,180
643,3901,189
642,4085,184
641,4287,202
640,4495,208
639,4710,215
638,4890,180
637,5099,209
636,5326,227
635,5543,217
634,5756,213
633,5982,226
632,6243,261
631,6509,266
630,6777,268
629,7056,279
628,7356,300
627,7659,303
626,7910,251
625,8215,305
624,8486,271
623,8760,274
622,9067,307
621,9357,290
620,9701,344
619,10035,334
618,10372,337
617,10680,308
616,11058,378
615,11395,337
614,11756,361
613,12158,402
612,12536,378
611,12932,396
610,13315,383
609,13728,413
608,14116,388
607,14519,403
606,14934,415
605,15356,422
604,15768,412
603,16230,462
602,16685,455
601,17139,454
600,17613,474
599,18084,471
598,18563,479
597,19063,500
596,19537,474
595,20005,468
594,20493,488
593,20986,493
592,21511,525
591,21997,486
590,22473,476
589,23071,598
588,23596,525
587,24132,536
586,24681,549
585,25224,543
584,25792,568
583,26392,600
582,26991,599
581,27591,600
580,28232,641
579,28901,669
578,29462,561
577,30080,618
576,30713,633
575,31351,638
574,31969,618
573,32613,644
572,33269,656
571,33957,688
570,34621,664
569,35306,685
568,35978,672
567,36659,681
566,37319,660
565,38007,688
564,38679,672
563,39348,669
562,40042,694
561,40713,671
560,41438,725
559,42136,698
558,42855,719
557,43617,762
556,44326,709
555,45051,725
554,45841,790
553,46538,697
552,47282,744
551,48019,737
550,48808,789
549,49538,730
548,50295,757
547,51044,749
546,51834,790
545,52528,694
544,53258,730
543,54055,797
542,54837,782
541,55676,839
540,56499,823
539,57256,757
538,58051,795
537,58872,821
536,59716,844
535,60488,772
534,61292,804
533,62093,801
532,62904,811
531,63695,791
530,64476,781
529,65360,884
528,66198,838
527,67041,843
526,67862,821
525,68678,816
524,69503,825
523,70262,759
522,71108,846
521,71942,834
520,72786,844
519,73608,822
518,74433,825
517,75276,843
516,76045,769
515,76874,829
514,77702,828
513,78557,855
512,79400,843
511,80209,809
510,81046,837
509,81888,842
508,82752,864
507,83628,876
506,84465,837
505,85330,865
504,86181,851
503,86990,809
502,87841,851
501,88667,826
500,89501,834
499,90312,811
498,91112,800
497,91965,853
496,92750,785
495,93617,867
494,94438,821
493,95245,807
492,96035,790
491,96861,826
490,97720,859
489,98543,823
488,99420,877
487,100190,770
486,101041,851
485,101894,853
484,102722,828
483,103610,888
482,104429,819
481,105285,856
480,106097,812
479,106953,856
478,107767,814
477,108570,803
476,109384,814
475,110229,845
474,111081,852
473,111877,796
472,112660,783
471,113493,833
470,114326,833
469,115074,748
468,115900,826
467,116709,809
466,117559,850
465,118376,817
464,119173,797
463,119955,782
462,120699,744
461,121564,865
460,122355,791
459,123172,817
458,123967,795
457,124720,753
456,125484,764
455,126288,804
454,127068,780
453,127894,826
452,128639,745
451,129424,785
450,130214,790
449,131004,790
448,131786,782
447,132562,776
446,133335,773
445,134117,782
444,134890,773
443,135642,752
442,136436,794
441,137233,797
440,137983,750
439,138736,753
438,139507,771
437,140240,733
436,141000,760
435,141767,767
434,142516,749
433,143247,731
432,143981,734
431,144705,724
430,145447,742
429,146179,732
428,146946,767
427,147694,748
426,148429,735
425,149173,744
424,149878,705
423,150581,703
422,151300,719
421,152040,740
420,152703,663
419,153390,687
418,154115,725
417,154783,668
416,155459,676
415,156178,719
414,156841,663
413,157478,637
412,158202,724
411,158885,683
410,159537,652
409,160221,684
408,160892,671
407,161545,653
406,162222,677
405,162951,729
404,163632,681
403,164307,675
402,164944,637
401,165596,652
400,166278,682
399,166970,692
398,167641,671
397,168297,656
396,168949,652
395,169596,647
394,170207,611
393,170841,634
392,171469,628
391,172109,640
390,172750,641
389,173420,670
388,174087,667
387,174668,581
386,175292,624
385,175924,632
384,176539,615
383,177180,641
382,177777,597
381,178411,634
380,179045,634
379,179690,645
378,180332,642
377,180965,633
376,181595,630
375,182175,580
374,182768,593
373,183390,622
372,183995,605
371,184558,563
370,185145,587
369,185745,600
368,186377,632
367,186959,582
366,187539,580
365,188102,563
364,188650,548
363,189217,567
362,189812,595
361,190365,553
360,190911,546
359,191507,596
358,192115,608
357,192656,541
356,193199,543
355,193795,596
354,194327,532
353,194886,559
352,195448,562
351,196014,566
350,196593,579
349,197144,551
348,197713,569
347,198280,567
346,198854,574
345,199456,602
344,199963,507
343,200498,535
342,201065,567
341,201647,582
340,202183,536
339,202724,541
338,203280,556
337,203753,473
336,204286,533
335,204806,520
334,205323,517
333,205852,529
332,206390,538
331,206924,534
330,207426,502
329,207908,482
328,208372,464
327,208889,517
326,209399,510
325,209918,519
324,210418,500
323,210928,510
322,211413,485
321,211899,486
320,212372,473
319,212887,515
318,213380,493
317,213871,491
316,214348,477
315,214826,478
314,215294,468
313,215781,487
312,216246,465
311,216698,452
310,217175,477
309,217649,474
308,218091,442
307,218548,457
306,218999,451
305,219466,467
304,219948,482
303,220406,458
302,220848,442
301,221262,414
300,221704,442
299,222136,432
298,222511,375
297,222965,454
296,223387,422
295,223790,403
294,224186,396
293,224597,411
292,225018,421
291,225410,392
290,225806,396
289,226213,407
288,226560,347
287,226966,406
286,227333,367
285,227733,400
284,228142,409
283,228555,413
282,228910,355
281,229270,360
280,229632,362
279,229976,344
278,230292,316
277,230650,358
276,230980,330
275,231317,337
274,231673,356
273,232018,345
272,232343,325
271,232672,329
270,233010,338
269,233335,325
268,233669,334
267,234000,331
266,234307,307
265,234602,295
264,234879,277
263,235173,294
262,235450,277
261,235753,303
260,235994,241
259,236279,285
258,236538,259
257,236804,266
256,237043,239
255,237310,267
254,237542,232
253,237785,243
252,238023,238
251,238258,235
250,238463,205
249,238688,225
248,238908,220
247,239137,229
246,239329,192
245,239520,191
244,239721,201
243,239918,197
242,240109,191
241,240298,189
240,240454,156
239,240627,173
238,240785,158
237,240946,161
236,241100,154
235,241261,161
234,241410,149
233,241554,144
232,241696,142
231,241841,145
230,241991,150
229,242124,133
228,242236,112
227,242340,104
226,242471,131
225,242572,101
224,242670,98
223,242765,95
222,242873,108
221,242956,83
220,243062,106
219,243148,86
218,243243,95
217,243333,90
216,243402,69
215,243477,75
214,243546,69
213,243621,75
212,243680,59
211,243741,61
210,243807,66
209,243860,53
208,243921,61
207,243976,55
206,244033,57
205,244084,51
204,244125,41
203,244174,49
202,244218,44
201,244259,41
200,244295,36
199,244331,36
198,244369,38
197,244412,43
196,244442,30
195,244473,31
194,244504,31
193,244532,28
192,244574,42
191,244599,25
190,244623,24
189,244643,20
188,244668,25
187,244697,29
186,244721,24
185,244742,21
184,244759,17
183,244774,15
182,244793,19
181,244807,14
180,244828,21
179,244842,14
178,244851,9
177,244863,12
176,244874,11
175,244883,9
174,244894,11
173,244900,6
172,244905,5
171,244915,10
170,244924,9
169,244929,5
168,244932,3
167,244940,8
166,244946,6
165,244956,10
164,244962,6
163,244964,2
162,244974,10
161,244982,8
160,244988,6
159,244995,7
158,245001,6
157,245004,3
156,245009,5
155,245012,3
154,245014,2
153,245020,6
152,245026,6
151,245029,3
150,245038,9
