year,subject,school_name,group_id,group_code,min_score,min_rank,xuanke_req,is_special
2024,物理,北京大学,04,A00104,679,332,不限,是
2024,物理,北京大学,05,A00105,691,83,化学,否
2024,物理,北京大学,06,A00106,677,412,化学,是
2024,物理,中国人民大学,09,A00209,684,187,不限,否
2024,物理,中国人民大学,10,A00210,678,372,不限,否
2024,物理,中国人民大学,11,A00211,666,963,不限,否
2024,物理,中国人民大学,12,A00212,649,2879,不限,是
2024,物理,中国人民大学,13,A00213,671,671,化学,否
2024,物理,中国人民大学,14,A00214,646,3362,化学,是
2024,物理,清华大学,04,A00304,692,71,不限,否
2024,物理,清华大学,05,A00305,677,412,不限,是
2024,物理,清华大学,06,A00306,690,98,化学,否
2024,物理,清华大学,07,A00307,686,159,化学,是
2024,物理,清华大学,09,A00309,685,173,化学,否
2024,物理,北京交通大学,02,A00402,617,10680,不限,否
2024,物理,北京交通大学,03,A00403,636,5326,化学,否
2024,物理,北京交通大学,04,A00404,63,999999,化学,否
2024,物理,北京交通大学,05,A00405,627,7659,华,否
2024,物理,北京交通大学,07,A00407,613,12158,不限,否
2024,物理,北京交通大学,08,A00408,591,21997,不限,是
2024,物理,北京交通大学,09,A00409,599,18084,华,是
2024,物理,北京航空航天大学,03,A00603,654,2193,不限,否
2024,物理,北京航空航天大学,04,A00604,639,4710,化学,否
2024,物理,北京航空航天大学,05,A00605,647,3218,化学,是
2024,物理,北京理工大学,02,A00702,652,2453,化学,否
2024,物理,北京理工大学,04,A00704,631,6509,化学,是
2024,物理,北京科技大学,02,A00802,622,9067,不限,否
2024,物理,北京科技大学,03,A00803,624,8486,化学,否
2024,物理,北京科技大学,05,A00805,599,18084,化学,是
2024,物理,北京化工大学,02,A01002,586,24681,不限,是
2024,物理,北京化工大学,03,A01003,608,14116,化学,否
2024,物理,北京化工大学,04,A01004,612,12536,化学,否
2024,物理,北京化工大学,05,A01005,596,19537,化学,是
2024,物理,北京邮电大学,02,A01302,619,10035,不限,是
2024,物理,北京邮电大学,03,A01303,614,11756,化学,是
2024,物理,北京邮电大学,04,A01304,644,3712,化学,否
2024,物理,北京邮电大学,05,A01305,636,5326,化学,否
2024,物理,北京邮电大学,06,A01306,625,8215,化学,是
2024,物理,中国农业大学,04,A01904,625,8215,不限,否
2024,物理,中国农业大学,05,A01905,605,15356,不限,否
2024,物理,中国农业大学,06,A01906,627,7659,化学,否
2024,物理,中国农业大学,08,A01908,610,13315,化学,是
2024,物理,北京林业大学,05,A02205,592,21511,不限,否
2024,物理,北京林业大学,06,A02206,593,20986,不限,否
2024,物理,北京林业大学,07,A02207,595,20005,不限,是
2024,物理,北京林业大学,08,A02208,605,15356,化学,否
2024,物理,北京林业大学,09,A02209,596,19537,化学,否
2024,物理,北京林业大学,10,A02210,595,20005,化学,否
2024,物理,北京林业大学,11,A02211,593,20986,化学,否
2024,物理,北京林业大学,12,A02212,582,26991,化学,否
2024,物理,北京林业大学,13,A02213,591,21997,化学,是
2024,物理,北京林业大学,14,A02214,598,18563,生物,否
2024,物理,北京林业大学,15,A02215,606,14934,地理,否
2024,物理,北京协和医学院,01,A02301,596,19537,化学,否
2024,物理,北京中医药大学,02,A02602,595,20005,不限,否
2024,物理,北京中医药大学,03,A02603,578,29462,不限,是
2024,物理,北京中医药大学,04,A02604,599,18084,化学,否
2024,物理,北京中医药大学,05,A02605,588,23596,化学,是
2024,物理,北京师范大学,06,A02706,632,6243,不限,否
2024,物理,北京师范大学,07,A02707,618,10372,不限,是
2024,物理,北京师范大学,08,A02708,637,5099,不限,否
2024,物理,北京师范大学,09,A02709,619,10035,化学,是
2024,物理,北京外国语大学,04,A03004,605,15356,不限,否
2024,物理,北京外国语大学,05,A03005,590,22473,不限,是
2024,物理,北京外国语大学,06,A03006,609,13728,不限,是
2024,物理,北京外国语大学,07,A03007,610,13315,不限,否
2024,物理,北京语言大学,05,A03205,584,25792,不限,否
2024,物理,北京语言大学,06,A03206,590,22473,化学,否
2024,物理,北京语言大学,07,A03207,597,19063,化学,是
2024,物理,中国传媒大学,06,A03306,603,16230,不限,否
2024,物理,中国传媒大学,07,A03307,611,12932,化学,否
2024,物理,中国传媒大学,08,A03308,591,21997,化学,否
2024,物理,中国传媒大学,09,A03309,605,15356,化学,是
2024,物理,中央财经大学,03,A03403,626,7910,不限,否
2024,物理,中央财经大学,04,A03404,613,12158,不限,否
2024,物理,中央财经大学,05,A03405,609,13728,不限,是
2024,物理,中央财经大学,06,A03406,628,7356,化学,否
2024,物理,中央财经大学,07,A03407,613,12158,化学,是
2024,物理,对外经济贸易大学,06,A03606,599,18084,不限,是
2024,物理,对外经济贸易大学,07,A03607,619,10035,不限,否
2024,物理,对外经济贸易大学,08,A03608,601,17139,不限,是
2024,物理,对外经济贸易大学,09,A03609,612,12536,化学,是
2024,物理,北京体育大学,07,A04307,587,24132,不限,否
2024,物理,北京体育大学,08,A04308,553,46538,不限,否
2024,物理,北京体育大学,09,A04309,589,23071,不限,否
2024,物理,北京体育大学,10,A04310,586,24681,不限,否
2024,物理,北京体育大学,11,A04311,566,37319,不限,是
2024,物理,北京体育大学,12,A04312,580,28232,不限,是
2024,物理,北京体育大学,13,A04313,583,26392,不限,是
2024,物理,北京体育大学,14,A04314,600,17613,化学,否
2024,物理,北京体育大学,15,A04315,590,22473,化学,否
2024,物理,中央美术学院,03,A04703,543,54055,不限,否
2024,物理,中央民族大学,03,A05203,604,15768,不限,是
2024,物理,中央民族大学,04,A05204,608,14116,不限,否
2024,物理,中央民族大学,05,A05205,611,12932,化学,否
2024,物理,中央民族大学,06,A05206,596,19537,化学,否
2024,物理,中央民族大学,07,A05207,602,16685,化学,否
2024,物理,中央民族大学,08,A05208,607,14519,化学,是
2024,物理,中国政法大学,03,A05303,624,8486,不限,否
2024,物理,中国政法大学,04,A05304,618,10372,不限,是
2024,物理,华北电力大学（北京）,02,A05402,592,21511,不限,否
2024,物理,华北电力大学（北京）,03,A05403,593,20986,不限,是
2024,物理,华北电力大学（北京）,04,A05404,619,10035,化学,否
2024,物理,南开大学,03,A05503,640,4495,不限,否
2024,物理,南开大学,05,A05505,621,9357,不限,是
2024,物理,天津大学,02,A05602,636,5326,不限,否
2024,物理,天津大学,03,A05603,613,12158,不限,是
2024,物理,中国民航大学,04,A05904,563,39348,不限,是
2024,物理,中国民航大学,05,A05905,567,36659,化学,否
2024,物理,中国民航大学,06,A05906,563,39348,化学,是
2024,物理,华北电力大学（保定,03,A06903,600,17613,不限,是
2024,物理,大连理工大学,02,A07102,616,11058,不限,是
2024,物理,大连理工大学,03,A07103,637,5099,化学,否
2024,物理,大连理工大学,04,A07104,626,7910,化学,否
2024,物理,大连理工大学,05,A07105,622,9067,化学,否
2024,物理,大连理工大学,06,A07106,614,11756,化学,是
2024,物理,东北大学,02,A07302,615,11395,不限,否
2024,物理,东北大学,03,A07303,627,7659,化学,否
2024,物理,东北大学,04,A07304,606,14934,化学,否
2024,物理,东北大学,05,A07305,605,15356,化学,是
2024,物理,大连海事大学,04,A07504,593,20986,不限,否
2024,物理,大连海事大学,05,A07505,595,20005,不限,否
2024,物理,大连海事大学,06,A07506,588,23596,不限,是
2024,物理,大连海事大学,07,A07507,601,17139,化学,否
2024,物理,大连海事大学,08,A07508,589,23071,化学,否
2024,物理,大连海事大学,09,A07509,584,25792,化学,是
2024,物理,吉林大学,06,A07906,628,7356,不限,否
2024,物理,吉林大学,07,A07907,621,9357,不限,否
2024,物理,吉林大学,08,A07908,609,13728,不限,是
2024,物理,吉林大学,09,A07909,613,12158,化学,否
2024,物理,吉林大学,10,A07910,633,5982,化学,否
2024,物理,吉林大学,11,A07911,623,8760,化学,否
2024,物理,吉林大学,12,A07912,631,6509,化学,否
2024,物理,吉林大学,13,A07913,630,6777,化学,否
2024,物理,吉林大学,14,A07914,601,17139,化学,是
2024,物理,东北师范大学,11,A08111,597,19063,不限,否
2024,物理,东北师范大学,12,A08112,591,21997,不限,是
2024,物理,东北师范大学,13,A08113,612,12536,化学,否
2024,物理,东北师范大学,14,A08114,600,17613,化学,否
2024,物理,东北师范大学,15,A08115,598,18563,化学,是
2024,物理,哈尔滨工业大学,02,A08302,632,6243,不限,否
2024,物理,哈尔滨工业大学,03,A08303,615,11395,不限,否
2024,物理,哈尔滨工业大学,04,A08304,662,1314,化学,否
2024,物理,哈尔滨工业大学,05,A08305,629,7056,化学,否
2024,物理,哈尔滨工业大学,06,A08306,618,10372,化&gt;,否
2024,物理,哈尔滨工业大学,07,A08307,628,7356,不限,是
2024,物理,哈尔滨工业大学,08,A08308,632,6243,不限,是
2024,物理,哈尔滨工程大学,03,A08503,602,16685,不限,是
2024,物理,哈尔滨工程大学,04,A08504,630,6777,化学,否
2024,物理,哈尔滨工程大学,05,A08505,630,6777,化学,否
2024,物理,哈尔滨工程大学,06,A08506,630,6777,不限,否
2024,物理,哈尔滨工程大学,07,A08507,616,11058,化学,否
2024,物理,哈尔滨工程大学,08,A08508,584,25792,化学,否
2024,物理,哈尔滨工程大学第09,09,A08509,608,14116,化学,否
2024,物理,东北林业大学,03,A08703,583,26392,不限,否
2024,物理,东北林业大学,04,A08704,590,22473,化学,否
2024,物理,复大学第0,04,A08904,677,412,不限,否
2024,物理,复旦大学,05,A08905,686,159,化学,否
2024,物理,复旦大学,06,A08906,688,128,化学,否
2024,物理,复旦大学,07,A08907,685,173,化学,否
2024,物理,复旦大学,08,A08908,680,300,化学,否
2024,物理,复旦大学,09,A08909,678,372,化学,否
2024,物理,复旦大学,10,A08910,675,488,化学,否
2024,物理,复旦大学,11,A08911,672,618,化学,是
2024,物理,同济大学,04,A09104,655,2080,化学,否
2024,物理,同济大学,05,A09105,643,3901,化学,否
2024,物理,同济大学,06,A09106,642,4085,化学,否
2024,物理,同济大学,07,A09107,641,4287,化学,否
2024,物理,同济大学,08,A09108,622,9067,化学,是
2024,物理,上海交通大学,03,A09303,689,115,化学,否
2024,物理,上海交通大学,04,A09304,677,412,化学,否
2024,物理,上海交通大学,05,A09305,664,1136,化学,是
2024,物理,华东理工大学,03,A09503,615,11395,化学,否
2024,物理,华东理工大学,04,A09504,609,13728,化学,是
2024,物理,华东理工大学,05,A09505,618,10372,化学,是
2024,物理,东华大学,03,A09703,605,15356,化学,否
2024,物理,东华大学,04,A09704,610,13315,化学,否
2024,物理,东华大学,05,A09705,588,23596,化学,是
2024,物理,华东师范大学,05,A09905,636,5326,不限,否
2024,物理,华东师范大学,06,A09906,632,6243,化学,否
2024,物理,上海外国语大学,04,A10104,599,18084,不限,否
2024,物理,上海外国语大学,05,A10105,593,20986,不限,是
2024,物理,上海财经大学,02,A10302,625,8215,不限,否
2024,物理,上海财经大学,03,A10303,600,17613,不限,是
2024,物理,上海财经大学,04,A10304,632,6243,化学,否
2024,物理,南京大学,03,A10703,671,671,化学,否
2024,物理,南京大学,05,A10705,647,3218,化学,是
2024,物理,东南大学,02,A10902,643,3901,不限,否
2024,物理,东南大学,03,A10903,617,10680,化学,是
2024,物理,南京航空航天大学,04,A11104,611,12932,化学,是
2024,物理,南京航空航天大学,05,A11105,628,7356,化学,否
2024,物理,南京航空航天大学,06,A11106,607,14519,化学,是
2024,物理,南京理工大学,01,A11301,609,13728,不限,否
2024,物理,南京理工大学,02,A11302,600,17613,不限,是
2024,物理,南京理工大学,03,A11303,622,9067,化学,否
2024,物理,中国矿业大学,04,A11504,603,16230,化学,否
2024,物理,中国矿业大学,05,A11505,586,24681,化学,否
2024,物理,河海大学第03,03,A11703,609,13728,不限,否
2024,物理,河海大学,01,A11704,605,15356,化学,否
2024,物理,河海大学,05,A11705,589,23071,化学,否
2024,物理,河海大学,06,A11706,592,21511,化学,是
2024,物理,江南大学,05,A11905,602,16685,不限,否
2024,物理,江南大学,06,A11906,588,23596,不限,否
2024,物理,江南大学,07,A11907,598,18563,不限,否
2024,物理,江南大学,08,A11908,613,12158,化学,否
2024,物理,江南大学,09,A11909,609,13728,化学,否
2024,物理,江南大学,10,A11910,601,17139,化学,否
2024,物理,江南大学,11,A11911,611,12932,化学,否
2024,物理,江南大学,12,A11912,598,18563,化学,否
2024,物理,江南大学,13,A11913,602,16685,化学,否
2024,物理,江南大学,14,A11914,619,10035,化学,否
2024,物理,江南大学,15,A11915,614,11756,化学,否
2024,物理,江南大学,16,A11916,599,18084,化学,否
2024,物理,江南大学,17,A11917,601,17139,化学,否
2024,物理,江南大学,18,A11918,613,12158,化学,否
2024,物理,江南大学,19,A11919,600,17613,化学,否
2024,物理,江南大学,20,A11920,612,12536,化学,否
2024,物理,江南大学,21,A11921,612,12536,化学,否
2024,物理,江南大学,22,A11922,614,11756,化学,否
2024,物理,江南大学,23,A11923,614,11756,化学,否
2024,物理,江南大学,24,A11924,589,23071,化学,是
2024,物理,南京农业大学,02,A12102,591,21997,不限,否
2024,物理,南京农业大学,03,A12103,588,23596,不限,是
2024,物理,南京农业大学,04,A12104,596,19537,化学,否
2024,物理,南京农业大学,05,A12105,589,23071,化学,是
2024,物理,中国药科大学,02,A12302,590,22473,不限,是
2024,物理,中国药科大学,03,A12303,587,24132,不限,是
2024,物理,中国药科大学,04,A12304,589,23071,化学,是
2024,物理,中国药科大学,05,A12305,610,13315,化学,否
2024,物理,中国药科大学,06,A12306,609,13728,化学,否
2024,物理,中国药科大学,08,A12308,594,20493,化学,是
2024,物理,浙江大学,02,A12502,648,3033,不限,是
2024,物理,浙江大学,03,A12503,673,581,化学,否
2024,物理,浙江大学,04,A12504,645,3532,化学,否
2024,物理,浙江大学,05,A12505,655,2080,化学,是
2024,物理,中国科学技术大学,01,A12701,672,618,化学,否
2024,物理,中国科学技术大学第02组入,02,A12702,656,1971,化学,是
2024,物理,合肥工业大学第01组&gt;,01,A12901,604,15768,不限,否
2024,物理,合肥工业大学,02,A12902,584,25792,不限,否
2024,物理,合肥工业大学,03,A12903,616,11058,化学,否
2024,物理,厦门大学,07,A13107,609,13728,不限,是
2024,物理,厦门大学,08,A13108,634,5756,化学,否
2024,物理,厦门大学,09,A13109,609,13728,化学,否
2024,物理,厦门大学,10,A13110,622,9067,化学,是
2024,物理,华侨大学,02,A13302,567,36659,不限,否
2024,物理,华侨大学,03,A13303,574,31969,化学,否
2024,物理,华侨大学,04,A13304,565,38007,化学,否
2024,物理,华侨大学,05,A13305,584,25792,化学,否
2024,物理,山东大学,03,A13503,628,7356,不限,否
2024,物理,山东大学,04,A13504,630,6777,化学,否
2024,物理,山东大学,05,A13505,628,7356,化学,否
2024,物理,山东大学,06,A13506,615,11395,化学,是
2024,物理,山东大学,07,A13507,639,4710,化和生,否
2024,物理,中国海洋大学,05,A13705,607,14519,不限,是
2024,物理,中国海洋大学,06,A13706,616,11058,不限,否
2024,物理,中国海洋大学,07,A13707,609,13728,不限,是
2024,物理,中国海洋大学,08,A13708,620,9701,化学,否
2024,物理,中国海洋大学,09,A13709,604,15768,化学,否
2024,物理,中国海洋大学,10,A13710,618,10372,化学,否
2024,物理,中国海洋大学,11,A13711,606,14934,化学,否
2024,物理,中国海洋大学,12,A13712,598,18563,化学,否
2024,物理,中国海洋大学,13,A13713,612,12536,化学,否
2024,物理,中国海洋大学,14,A13714,605,15356,化学,是
2024,物理,中国石油大学(华东),02,A13902,597,19063,不限,否
2024,物理,中国石油大学（华东）,03,A13903,599,18084,化学,否
2024,物理,中国石油大学（华东）,04,A13904,592,21511,化学,是
2024,物理,武汉大学,06,A14106,641,4287,不限,否
2024,物理,武汉大学,07,A14107,623,8760,不限,是
2024,物理,武汉大学,08,A14108,643,3901,化学,否
2024,物理,武汉大学,09,A14109,653,2315,化学,否
2024,物理,武汉大学,12,A14112,619,10035,不限,否
2024,物理,武汉大学,13,A14113,627,7659,不限,是
2024,物理,武汉大学,14,A14114,635,5543,化学,是
2024,物理,华中科技大学,03,A14303,648,3033,不限,否
2024,物理,华中科技大学,04,A14304,648,3033,不限,否
2024,物理,华中科技大学,05,A14305,598,18563,化学,否
2024,物理,华中科技大学,06,A14306,630,6777,化学,否
2024,物理,华中科技大学,09,A14309,621,9357,化学,是
2024,物理,华中科技大学,10,A14310,631,6509,化学,是
2024,物理,中国地质大学（武汉）,03,A14503,600,17613,不限,否
2024,物理,中国地质大学（武汉,04,A14504,592,21511,不限,是
2024,物理,中国地质大学（武汉）,05,A14505,594,20493,化学,是
2024,物理,中国地质大学（武汉）,06,A14506,607,14519,化学,否
2024,物理,中国地质大学（武汉）,07,A14507,604,15768,化学,否
2024,物理,中国地质大学（武汉）,08,A14508,591,21997,化学,否
2024,物理,中国地质大学（武汉）,09,A14509,603,16230,化学,否
2024,物理,中国地质大学（武汉）,10,A14510,596,19537,化学,是
2024,物理,武汉理工大学,06,A14706,597,19063,不限,否
2024,物理,武汉理工大学,07,A14707,607,14519,化学,是
2024,物理,武汉理工大学,08,A14708,636,5326,化学,否
2024,物理,武汉理工大学,09,A14709,635,5543,化学,否
2024,物理,武汉理工大学,10,A14710,633,5982,化学,否
2024,物理,武汉理工大学,11,A14711,630,6777,化学,否
2024,物理,武汉理工大学,13,A14713,602,16685,化学,否
2024,物理,武汉理工大学,14,A14714,592,21511,化学,否
2024,物理,武汉理工大学,15,A14715,613,12158,化学,是
2024,物理,华中农业大学,03,A14903,593,20986,不限,是
2024,物理,华中农业大学,04,A14904,593,20986,不限,否
2024,物理,华中农业大学,05,A14905,589,23071,不限,否
2024,物理,华中农业大学,06,A14906,597,19063,化学,否
2024,物理,华中农业大学,07,A14907,583,26392,化学,否
2024,物理,华中农业大学,08,A14908,596,19537,化学,是
2024,物理,华中农业大学,09,A14909,598,18563,生物,否
2024,物理,华中农业大学,10,A14910,605,15356,地理,否
2024,物理,华中师范大学,14,A15114,602,16685,不限,是
2024,物理,华中师范大学,15,A15115,601,17139,不限,否
2024,物理,华中师范大学,16,A15116,602,16685,不限,是
2024,物理,华中师范大学,17,A15117,611,12932,不限,否
2024,物理,华中师范大学,18,A15118,610,13315,化学,否
2024,物理,华中师范大学,19,A15119,608,14116,化学,是
2024,物理,华中师范大学,20,A15120,623,8760,化学,否
2024,物理,中南财经政法大学,15,A15315,601,17139,不限,否
2024,物理,中南财经政法大学,16,A15316,599,18084,不限,否
2024,物理,中南财经政法大学,17,A15317,600,17613,不限,是
2024,物理,中南财经政法大学,18,A15318,611,12932,化学,否
2024,物理,中南民族大学,05,A15505,557,43617,不限,是
2024,物理,中南民族大学,08,A15508,561,40713,化学,否
2024,物理,中南民族大学,09,A15509,577,30080,化学,否
2024,物理,湖南大学,06,A15706,607,14519,不限,是
2024,物理,湖南大学,07,A15707,614,11756,不限,是
2024,物理,湖南大学,08,A15708,622,9067,不限,否
2024,物理,湖南大学,09,A15709,608,14116,不限,是
2024,物理,湖南大学,10,A15710,630,6777,化学,否
2024,物理,湖南大学,11,A15711,609,13728,化学,是
2024,物理,中南大学,03,A15903,621,9357,化学,否
2024,物理,中南大学,04,A15904,606,14934,化学,是
2024,物理,中南大学,05,A15905,631,6509,化学,否
2024,物理,中南大学,06,A15906,611,12932,化学,是
2024,物理,中南大学,07,A15907,628,7356,化和生,否
2024,物理,中南大学,08,A15908,648,3033,化和生,否
2024,物理,中山大学,06,A16106,639,4710,化学,否
2024,物理,中山大学,07,A16107,628,7356,化学,否
2024,物理,中山大学,08,A16108,616,11058,化学,是
2024,物理,中山大学,09,A16109,627,7659,化学,是
2024,物理,暨南大学,04,A16304,599,18084,不限,否
2024,物理,暨南大学,05,A16305,592,21511,不限,否
2024,物理,暨南大学,06,A16306,595,20005,不限,是
2024,物理,暨南大学,07,A16307,610,13315,化学,否
2024,物理,暨南大学,08,A16308,618,10372,化学,否
2024,物理,暨南大学,09,A16309,599,18084,化学,否
2024,物理,暨南大学,10,A16310,606,14934,化学,是
2024,物理,华南理工大学,02,A16502,632,6243,不限,否
2024,物理,华南理工大学,03,A16503,577,30080,不限,是
2024,物理,华南理工大学,04,A16504,637,5099,化学,否
2024,物理,华南理工大学,05,A16505,617,10680,化学,是
2024,物理,四川大学,04,A16704,634,5756,化学,否
2024,物理,四川大学,05,A16705,645,3532,化学,否
2024,物理,四川大学,06,A16706,628,7356,化学,否
2024,物理,四川大学,07,A16707,626,7910,化学,否
2024,物理,重庆大学,06,A16906,630,6777,不限,否
2024,物理,重庆大学,07,A16907,631,6509,不限,否
2024,物理,重庆大学,08,A16908,621,9357,化学,否
2024,物理,重庆大学,09,A16909,614,11756,化学,是
2024,物理,重庆大学,10,A16910,601,17139,不限,是
2024,物理,西南交通大学,05,A17105,606,14934,不限,否
2024,物理,西南交通大学,06,A17106,589,23071,化学,否
2024,物理,西南交通大学,09,A17109,600,17613,化学,是
2024,物理,电子科技大学,02,A17302,643,3901,化学,否
2024,物理,电子科技大学,03,A17303,636,5326,化学,是
2024,物理,中国民用航空飞行学院,06,A17506,530,64476,不限,否
2024,物理,中国民用航空飞行学院,07,A17507,521,71942,不限,否
2024,物理,中国民用航飞行学院,08,A17508,527,67041,不限,是
2024,物理,中国民用航空飞行学院,09,A17509,530,64476,化学,否
2024,物理,中国民用航空飞行学院,10,A17510,526,67862,化学,是
2024,物理,中国民用航空飞行学院,11,A17511,531,63695,政治,否
2024,物理,西南大学,15,A17715,598,18563,不限,是
2024,物理,西南大学,16,A17716,598,18563,不限,否
2024,物理,西南大学,17,A17717,580,28232,不限,否
2024,物理,西南大学,18,A17718,588,23596,不限,否
2024,物理,西南大学,19,A17719,602,16685,化学,否
2024,物理,西南大学,20,A17720,591,21997,化学,否
2024,物理,西南大学,21,A17721,591,21997,化学,是
2024,物理,西南大学,22,A17722,607,14519,化和生,否
