school_name,group_code,min_score,min_rank,subject,xuanke_req,is_special,year,plan_count
武汉大学,第08组,645,2365,物理,不限,否,2025,0
华中科技大学,第04组,641,2873,物理,不限,否,2025,0
华中科技大学,第05组,640,3000,物理,不限,否,2025,0
武汉大学,第09组,637,3750,物理,不限,否,2025,0
武汉大学,第10组,636,4000,物理,不限,否,2025,0
武汉大学,第11组,635,4250,物理,不限,否,2025,0
武汉大学,第12组,634,4500,物理,不限,否,2025,0
武汉理工大学,第08组,632,5000,物理,不限,否,2025,0
华中科技大学,第09组（民族班）,628,6100,物理,不限,否,2025,0
武汉理工大学,第09组,628,6100,物理,不限,否,2025,0
武汉理工大学,第10组,626,6700,物理,不限,否,2025,0
武汉理工大学,第11组,626,6700,物理,不限,否,2025,0
武汉大学,第13组（民族班）,625,7000,物理,不限,否,2025,0
武汉理工大学,第12组,624,7300,物理,不限,否,2025,0
武汉大学,第15组（国家专项）,620,8500,物理,不限,否,2025,0
武汉大学,第14组（国家专项）,619,8689,物理,不限,否,2025,0
华中师范大学,第27组,618,8878,物理,不限,否,2025,0
华中科技大学,第10组（国家专项）,613,9825,物理,不限,否,2025,0
华中科技大学,第07组（中外合作）,611,10204,物理,不限,否,2025,0
华中师范大学,第28组,611,10204,物理,不限,否,2025,0
华中科技大学,第08组（中外合作）,608,11170,物理,不限,否,2025,0
华中师范天学,第26组,608,11170,物理,不限,否,2025,0
武汉理工大学,第13组,605,12334,物理,不限,否,2025,0
武汉理工大学,第18组（国家专项）,604,12722,物理,不限,否,2025,0
华中师范大学,第29组,604,12722,物理,不限,否,2025,0
华中师范大学,第21组,603,13110,物理,不限,否,2025,0
中南财经政法大学,第15组,603,13110,物理,不限,否,2025,0
三峡大学,第07组,602,13498,物理,不限,否,2025,0
华中师范大学,第23组,600,14274,物理,不限,否,2025,0
武汉理工大学,第15组（中外合作）,599,14735,物理,不限,否,2025,0
中国地质大学（武汉）,第09组,598,15196,物理,不限,否,2025,0
武汉理工大学,第17组（预科班）,598,15196,物理,不限,否,2025,0
华中师范大学,第22组,597,15658,物理,不限,否,2025,0
中国地质大学（武汉）,第10组,596,16119,物理,不限,否,2025,0
华中师范大学,第20组,595,16581,物理,不限,否,2025,0
华中农业大学,第07组,594,17042,物理,不限,否,2025,0
中国地质大学（武汉）,第12组（中外合作）,593,17503,物理,不限,否,2025,0
武汉科技大学,第04组,592,17965,物理,不限,否,2025,0
华中科技大学,第06组（护理类）,591,18426,物理,不限,否,2025,0
武汉理工大学,第14组（中外合作）,591,18426,物理,不限,否,2025,0
华中师范大学,第24组（预科班）,590,18888,物理,不限,否,2025,0
华中农业大学,第05组,589,19428,物理,不限,否,2025,0
中南财经政法大学,第14组,589,19428,物理,不限,否,2025,0
中南财经政法大学,第16组（预科班）,589,19428,物理,不限,否,2025,0
中国地质大学（武汉）,第16组（预科班）,588,19969,物理,不限,否,2025,0
华中农业大学,第06组,588,19969,物理,不限,否,2025,0
中国地质大学（武汉）,第14组（中外合作）,587,20510,物理,不限,否,2025,0
华中农业大学,第04组,586,21050,物理,不限,否,2025,0
华中农业大学,第11组（国家专项）,586,21050,物理,不限,否,2025,0
中南财经政法大学,第17组（国家专项）,586,21050,物理,不限,否,2025,0
中国地质大学（武汉）,第13组（中外合作）,585,21591,物理,不限,否,2025,0
武汉科技大学,第05组,585,21591,物理,不限,否,2025,0
华中师范大学,第25组（国家专项）,584,22132,物理,不限,否,2025,0
武汉理工大学,第16组（中外合作）,583,22672,物理,不限,否,2025,0
华中农业大学,第10组（预科班）,583,22672,物理,不限,否,2025,0
湖北工业大学,第05组,583,22672,物理,不限,否,2025,0
中国地质大学（武汉）,第15组（中外合作）,581,23754,物理,不限,否,2025,0
中国地质大学（武汉）,第17组（国家专项）,581,23754,物理,不限,否,2025,0
湖北大学,第16组,579,24885,物理,不限,否,2025,0
中国地质大学（武汉）,第11组（中外合作）,575,27248,物理,不限,否,2025,0
华中农业大学,第08组（中外合作）,574,27839,物理,不限,否,2025,0
中南民族大学,第14组（国家专项）,574,27839,物理,不限,否,2025,0
中南民族大学,第10组,573,28429,物理,不限,否,2025,0
湖北中医药大学,第10组,573,28429,物理,不限,否,2025,0
武汉工程大学,第05组,572,29020,物理,不限,否,2025,0
武汉科技大学,第06组,571,29611,物理,不限,否,2025,0
三峡大学,第08组,571,29611,物理,不限,否,2025,0
武汉科技大学,第09组,569,30880,物理,不限,否,2025,0
长江大学,第14组,569,30880,物理,不限,否,2025,0
华中农业大学,第09组（中外合作）,568,31558,物理,不限,否,2025,0
江汉大学,第17组,568,31558,物理,不限,否,2025,0
武汉科技大学,第07组,567,32236,物理,不限,否,2025,0
三峡大学,第09组,567,32236,物理,不限,否,2025,0
湖北大学,第14组,566,32914,物理,不限,否,2025,0
湖北工业大学,第07组,566,32914,物理,不限,否,2025,0
长江大学,第15组,564,34271,物理,不限,否,2025,0
武汉科技大学,第13组（国家专项）,563,34949,物理,不限,否,2025,0
中南民族大学,第12组（国家专项）,562,35627,物理,不限,否,2025,0
武汉科技大学,第08组,562,35627,物理,不限,否,2025,0
湖北工业大学,第06组,562,35627,物理,不限,否,2025,0
湖北大学,第17组,561,36305,物理,不限,否,2025,0
武汉科技大学,第03组,560,36984,物理,不限,否,2025,0
中南民族大学,第07组,559,37727,物理,不限,否,2025,0
长江大学,第17组,559,37727,物理,不限,否,2025,0
武汉科技大学,第10组（护理类）,558,38471,物理,不限,否,2025,0
湖北大学,第20组,558,38471,物理,不限,否,2025,0
中南民族大学,第08组,557,39215,物理,不限,否,2025,0
中南民族大学,第09组,557,39215,物理,不限,否,2025,0
湖北大学,第18组,557,39215,物理,不限,否,2025,0
湖北工业大学,第08组,557,39215,物理,不限,否,2025,0
湖北大学,第15组,555,40703,物理,不限,否,2025,0
长江大学,第16组,555,40703,物理,不限,否,2025,0
中南民族大学,第06组,554,41446,物理,不限,否,2025,0
长江大学,第13组,554,41446,物理,不限,否,2025,0
武汉纺织大学,第05组,554,41446,物理,不限,否,2025,0
湖北工业大学,第09组,554,41446,物理,不限,否,2025,0
中南民族大学,第13组（国家专项）,553,42190,物理,不限,否,2025,0
湖北大学,第19组,553,42190,物理,不限,否,2025,0
湖北工业大学,第12组（国家专项）,553,42190,物理,不限,否,2025,0
湖北大学,第24组（国家专项）,552,42934,物理,不限,否,2025,0
武汉科技大学,第11组（中外合作）,551,43678,物理,不限,否,2025,0
湖北大学,第25组（国家专项）,551,43678,物理,不限,否,2025,0
武汉工程大学,第07组,551,43678,物理,不限,否,2025,0
中南民族大学,第11组（预科班）,550,44422,物理,不限,否,2025,0
江汉大学,第09组,550,44422,物理,不限,否,2025,0
湖北工业大学,第04组,550,44422,物理,不限,否,2025,0
武汉科技大学,第12组（中外合作）,548,46014,物理,不限,否,2025,0
江汉大学,第12组,548,46014,物理,不限,否,2025,0
三峡大学,第10组,547,46810,物理,不限,否,2025,0
武汉工程大学,第06组,546,47606,物理,不限,否,2025,0
湖北中医药大学,第15组（国家专项）,546,47606,物理,不限,否,2025,0
湖北大学,第26组（地方专项）,545,48402,物理,不限,否,2025,0
三峡大学,第11组,543,49994,物理,不限,否,2025,0
三峡大学,第14组（民族班）,543,49994,物理,不限,否,2025,0
三峡大学,第16组（国家专项）,543,49994,物理,不限,否,2025,0
江汉大学,第15组,543,49994,物理,不限,否,2025,0
湖北中医药大学,第11组,543,49994,物理,不限,否,2025,0
湖北大学,第22组（中外合作）,542,50790,物理,不限,否,2025,0
长江大学,第09组,542,50790,物理,不限,否,2025,0
武汉工程大学,第09组（国家专项）,542,50790,物理,不限,否,2025,0
湖北工业大学,第13组（地方专项）,542,50790,物理,不限,否,2025,0
武汉工程大学,第04组,540,52382,物理,不限,否,2025,0
武汉纺织大学,第07组（国家专项）,540,52382,物理,不限,否,2025,0
武汉轻工大学,第06组,540,52382,物理,不限,否,2025,0
三峡大学,第17组（地方专项）,538,54031,物理,不限,否,2025,0
湖北工业大学,第11组（中外合作）,538,54031,物理,不限,否,2025,0
湖北大学,第27组（地方专项）,537,54856,物理,不限,否,2025,0
三峡大学,第12组,537,54856,物理,不限,否,2025,0
江汉大学,第13组,537,54856,物理,不限,否,2025,0
武汉纺织大学,第06组,537,54856,物理,不限,否,2025,0
三峡大学,第06组,536,55680,物理,不限,否,2025,0
江汉大学,第10组,536,55680,物理,不限,否,2025,0
湖北大学,第21组（中外合作）,535,56505,物理,不限,否,2025,0
三峡大学,第15组（国家专项）,535,56505,物理,不限,否,2025,0
江汉大学,第18组,535,56505,物理,不限,否,2025,0
武汉纺织大学,第08组（地方专项）,535,56505,物理,不限,否,2025,0
湖北医药学院,第05组,534,57330,物理,不限,否,2025,0
长江大学,第11组,532,58979,物理,不限,否,2025,0
武汉工程大学,第10组（地方专项）,532,58979,物理,不限,否,2025,0
武汉纺织大学,第04组,532,58979,物理,不限,否,2025,0
湖北经济学院,第09组,532,58979,物理,不限,否,2025,0
湖北中医药大学,第17组（地方专项）,532,58979,物理,不限,否,2025,0
江汉大学,第14组,531,59804,物理,不限,否,2025,0
江汉大学,第19组（地方专项）,530,60629,物理,不限,否,2025,0
江汉大学,第07组,529,61497,物理,不限,否,2025,0
江汉大学,第08组,529,61497,物理,不限,否,2025,0
湖北警官学院,第09组,527,63235,物理,不限,否,2025,0
江汉大学,第16组,527,63235,物理,不限,否,2025,0
湖北文理学院,第13组,527,63235,物理,不限,否,2025,0
武汉工程大学,第08组（中外合作）,526,64103,物理,不限,否,2025,0
长江大学,第19组（中外合作）,525,64972,物理,不限,否,2025,0
江汉大学,第11组,525,64972,物理,不限,否,2025,0
湖北科技学院,第07组,524,65841,物理,不限,否,2025,0
武汉轻工大学,第05组,524,65841,物理,不限,否,2025,0
长江大学,第10组,523,66709,物理,不限,否,2025,0
长江大学,第12组,523,66709,物理,不限,否,2025,0
长江大学,第20组（国家专项）,523,66709,物理,不限,否,2025,0
武汉轻工大学,第07组,523,66709,物理,不限,否,2025,0
湖北师范大学,第09组,523,66709,物理,不限,否,2025,0
湖北警官学院,第08组,522,67578,物理,不限,否,2025,0
湖北大学,第23组（中外合作）,522,67578,物理,不限,否,2025,0
长江大学,第08组,522,67578,物理,不限,否,2025,0
湖北经济学院,第12组,522,67578,物理,不限,否,2025,0
湖北工业大学,第10组（中外合作）,522,67578,物理,不限,否,2025,0
长江大学,第21组（地方专项）,521,68447,物理,不限,否,2025,0
长江大学,第18组,520,69316,物理,不限,否,2025,0
湖北科技学院,第08组,520,69316,物理,不限,否,2025,0
武汉轻工大学,第12组（地方专项）,520,69316,物理,不限,否,2025,0
湖北中医药大学,第16组（国家专项）,520,69316,物理,不限,否,2025,0
武汉轻工大学,第11组（国家专项）,519,70175,物理,不限,否,2025,0
湖北第二师范学院,第12组,518,71035,物理,不限,否,2025,0
三峡大学,第13组（预科班）,517,71895,物理,不限,否,2025,0
湖北师范大学,第07组,516,72754,物理,不限,否,2025,0
湖北第二师范学院,第14组,516,72754,物理,不限,否,2025,0
湖北第二师范学院,第11组,515,73614,物理,不限,否,2025,0
湖北理工学院,第07组,514,74474,物理,不限,否,2025,0
湖北经济学院,第10组,513,75333,物理,不限,否,2025,0
湖北师范大学,第08组,513,75333,物理,不限,否,2025,0
湖北第二师范学院,第08组,513,75333,物理,不限,否,2025,0
湖北第二师范学院,第10组,513,75333,物理,不限,否,2025,0
武汉商学院,第04组,513,75333,物理,不限,否,2025,0
湖北中医药大学,第12组,512,76193,物理,不限,否,2025,0
湖北师范大学,第11组（地方专项）,512,76193,物理,不限,否,2025,0
湖北第二师范学院,第18组（地方专项）,512,76193,物理,不限,否,2025,0
荆楚理工学院,第05组,511,77053,物理,不限,否,2025,0
武汉体育学院,第04组,510,77913,物理,不限,否,2025,0
武汉轻工大学,第09组（中外合作）,510,77913,物理,不限,否,2025,0
湖北理工学院,第09组,509,78789,物理,不限,否,2025,0
黄冈师范学院,第16组,508,79666,物理,不限,否,2025,0
湖北汽车工业学院,第04组,508,79666,物理,不限,否,2025,0
湖北中医药大学,第13组,508,79666,物理,不限,否,2025,0
湖北中医药大学,第18组（地方专项）,508,79666,物理,不限,否,2025,0
湖北理工学院,第18组（地方专项）,508,79666,物理,不限,否,2025,0
武汉体育学院,第02组,507,80542,物理,不限,否,2025,0
湖北第二师范学院,第17组（地方专项）,507,80542,物理,不限,否,2025,0
武汉商学院,第05组,507,80542,物理,不限,否,2025,0
湖北文理学院,第10组,506,81419,物理,不限,否,2025,0
湖北经济学院,第17组（国家专项）,506,81419,物理,不限,否,2025,0
湖北文理学院,第08组,505,82295,物理,不限,否,2025,0
湖北经济学院,第11组,505,82295,物理,不限,否,2025,0
湖北第二师范学院,第13组,505,82295,物理,不限,否,2025,0
湖北理工学院,第08组,505,82295,物理,不限,否,2025,0
湖北经济学院,第13组,504,83172,物理,不限,否,2025,0
湖北第二师范学院,第09组,504,83172,物理,不限,否,2025,0
湖北经济学院,第18组（地方专项）,503,84048,物理,不限,否,2025,0
湖北文理学院,第11组,502,84925,物理,不限,否,2025,0
湖北工程学院,第05组,502,84925,物理,不限,否,2025,0
黄冈师范学院,第09组,501,85801,物理,不限,否,2025,0
湖北文理学院,第15组,501,85801,物理,不限,否,2025,0
湖北民族大学,第12组（地方专项）,501,85801,物理,不限,否,2025,0
武汉体育学院,第03组,500,86678,物理,不限,否,2025,0
武汉轻工大学,第10组（中外合作）,500,86678,物理,不限,否,2025,0
湖北文理学院,第16组（地方专项）,500,86678,物理,不限,否,2025,0
湖北民族大学,第17组,500,86678,物理,不限,否,2025,0
武汉商学院,第03组,500,86678,物理,不限,否,2025,0
黄冈师范学院,第17组（地方专项）,499,87560,物理,不限,否,2025,0
湖北汽车工业学院,第05组,499,87560,物理,不限,否,2025,0
武汉轻工大学,第08组（中外合作）,498,88442,物理,不限,否,2025,0
武汉商学院,第06组,498,88442,物理,不限,否,2025,0
湖北科技学院,第12组,497,89324,物理,不限,否,2025,0
黄冈师范学院,第12组,497,89324,物理,不限,否,2025,0
湖北第二师范学院,第16组（中外合作）,497,89324,物理,不限,否,2025,0
黄冈师范学院,第11组,496,90206,物理,不限,否,2025,0
湖北民族大学,第03组,495,91089,物理,不限,否,2025,0
湖北美术学院,第03组,495,91089,物理,不限,否,2025,0
黄冈师范学院,第13组,494,91971,物理,不限,否,2025,0
湖北文理学院,第09组,494,91971,物理,不限,否,2025,0
湖北经济学院,第14组（中外合作）,494,91971,物理,不限,否,2025,0
武汉职业技术大学,第02组,494,91971,物理,不限,否,2025,0
湖北医药学院,第04组,493,92853,物理,不限,否,2025,0
湖北文理学院,第14组（护理类）,493,92853,物理,不限,否,2025,0
湖北理工学院,第15组,493,92853,物理,不限,否,2025,0
湖北汽车工业学院,第08组（地方专项）,492,93735,物理,不限,否,2025,0
湖北科技学院,第06组,491,94617,物理,不限,否,2025,0
湖北汽车工业学院,第07组（地方专项）,490,95500,物理,不限,否,2025,0
湖北科技学院,第09组,489,96350,物理,不限,否,2025,0
湖北民族大学,第16组（地方专项）,489,96350,物理,不限,否,2025,0
湖北理工学院,第16组（护理类）,489,96350,物理,不限,否,2025,0
湖北民族大学,第04组,488,97200,物理,不限,否,2025,0
黄冈师范学院,第10组,487,98050,物理,不限,否,2025,0
黄冈师范学院,第14组,487,98050,物理,不限,否,2025,0
湖北汽车工业学院,第03组,487,98050,物理,不限,否,2025,0
湖北师范大学,第10组（中外合作）,487,98050,物理,不限,否,2025,0
湖北理工学院,第13组,486,98900,物理,不限,否,2025,0
湖北科技学院,第10组,485,99750,物理,不限,否,2025,0
湖北文理学院,第07组,485,99750,物理,不限,否,2025,0
湖北文理学院,第12组,485,99750,物理,不限,否,2025,0
湖北理工学院,第05组,485,99750,物理,不限,否,2025,0
湖北理工学院,第06组,485,99750,物理,不限,否,2025,0
汉江师范学院,第09组,485,99750,物理,不限,否,2025,0
湖北科技学院,第14组（地方专项）,484,100600,物理,不限,否,2025,0
湖北汽车工业学院,第06组（中外合作）,484,100600,物理,不限,否,2025,0
湖北美术学院,第02组,484,100600,物理,不限,否,2025,0
湖北理工学院,第10组,484,100600,物理,不限,否,2025,0
荆楚理工学院,第09组,484,100600,物理,不限,否,2025,0
湖北经济学院,第16组（中外合作）,483,101450,物理,不限,否,2025,0
湖北民族大学,第22组（地方专项）,483,101450,物理,不限,否,2025,0
湖北医药学院,第03组,482,102300,物理,不限,否,2025,0
湖北医药学院,第06组,482,102300,物理,不限,否,2025,0
湖北工程学院,第04组,482,102300,物理,不限,否,2025,0
湖北第二师范学院,第15组（中外合作）,482,102300,物理,不限,否,2025,0
荆楚理工学院,第08组,482,102300,物理,不限,否,2025,0
武汉商学院,第07组（中外合作）,482,102300,物理,不限,否,2025,0
汉江师范学院,第08组,482,102300,物理,不限,否,2025,0
黄冈师范学院,第15组,481,103150,物理,不限,否,2025,0
湖北工程学院,第03组,481,103150,物理,不限,否,2025,0
湖北理工学院,第12组,481,103150,物理,不限,否,2025,0
湖北科技学院,第11组（护理类）,480,104000,物理,不限,否,2025,0
湖北工程学院,第07组（地方专项）,480,104000,物理,不限,否,2025,0
湖北民族大学,第06组,480,104000,物理,不限,否,2025,0
湖北中医药大学,第14组（中外合作）,480,104000,物理,不限,否,2025,0
湖北理工学院,第11组,480,104000,物理,不限,否,2025,0
湖北民族大学,第05组（预科班）,479,104900,物理,不限,否,2025,0
湖北民族大学,第19组（民族班）,479,104900,物理,不限,否,2025,0
荆楚理工学院,第04组,479,104900,物理,不限,否,2025,0
湖北理工学院,第14组,478,105800,物理,不限,否,2025,0
湖北理工学院,第17组（中外合作）,478,105800,物理,不限,否,2025,0
荆楚理工学院,第07组,478,105800,物理,不限,否,2025,0
湖北医药学院,第08组（地方专项）,477,106700,物理,不限,否,2025,0
荆楚理工学院,第06组,477,106700,物理,不限,否,2025,0
汉江师范学院,第05组,477,106700,物理,不限,否,2025,0
汉江师范学院,第06组,477,106700,物理,不限,否,2025,0
汉江师范学院,第07组,477,106700,物理,不限,否,2025,0
湖北医药学院,第07组（护理类）,476,107600,物理,不限,否,2025,0
湖北科技学院,第13组（中外合作）,476,107600,物理,不限,否,2025,0
湖北恩施学院,第07组,474,109400,物理,不限,否,2025,0
湖北工程学院,第06组（中外合作）,473,110300,物理,不限,否,2025,0
湖北经济学院,第15组（中外合作）,473,110300,物理,不限,否,2025,0
湖北民族大学,第23组（中外合作）,473,110300,物理,不限,否,2025,0
武昌首义学院,第04组,473,110300,物理,不限,否,2025,0
长江大学文理学院,第08组,473,110300,物理,不限,否,2025,0
三峡大学科技学院,第04组,473,110300,物理,不限,否,2025,0
荆楚理工学院,第10组（中外合作）,471,112100,物理,不限,否,2025,0
武昌理工学院,第06组,471,112100,物理,不限,否,2025,0
武昌首义学院,第03组,470,113000,物理,不限,否,2025,0
武汉学院,第03组,469,113800,物理,不限,否,2025,0
三峡大学科技学院,第02组,468,114600,物理,不限,否,2025,0
武昌首义学院,第02组,466,116200,物理,不限,否,2025,0
武汉学院,第05组,464,117800,物理,不限,否,2025,0
湖北恩施学院,第06组,464,117800,物理,不限,否,2025,0
湖北大学知行学院,第02组,462,119400,物理,不限,否,2025,0
湖北大学知行学院,第04组,462,119400,物理,不限,否,2025,0
三峡大学科技学院,第03组,462,119400,物理,不限,否,2025,0
湖北工业大学工程技术学院,第03组,462,119400,物理,不限,否,2025,0
长江大学文理学院,第05组,461,120200,物理,不限,否,2025,0
湖北工业大学工程技术学院,第02组,461,120200,物理,不限,否,2025,0
武昌理工学院,第03组,460,121000,物理,不限,否,2025,0
长江大学文理学院,第09组,459,121800,物理,不限,否,2025,0
武汉东湖学院,第04组,458,122600,物理,不限,否,2025,0
武汉学院,第04组,458,122600,物理,不限,否,2025,0
武汉东湖学院,第02组,457,123400,物理,不限,否,2025,0
武汉东湖学院,第03组,457,123400,物理,不限,否,2025,0
文华学院,第05组,457,123400,物理,不限,否,2025,0
长江大学文理学院,第06组,457,123400,物理,不限,否,2025,0
文华学院,第03组,456,124200,物理,不限,否,2025,0
武汉工商学院,第03组,456,124200,物理,不限,否,2025,0
长江大学文理学院,第07组,456,124200,物理,不限,否,2025,0
文华学院,第06组,455,125000,物理,不限,否,2025,0
武汉文理学院,第07组（护理类）,455,125000,物理,不限,否,2025,0
湖北经济学院法商学院,第03组,455,125000,物理,不限,否,2025,0
文华学院,第07组,454,125800,物理,不限,否,2025,0
武汉文理学院,第04组,454,125800,物理,不限,否,2025,0
湖北文理学院理工学院,第02组,454,125800,物理,不限,否,2025,0
湖北工程学院新技术学院,第02组,454,125800,物理,不限,否,2025,0
武昌理工学院,第07组,453,126600,物理,不限,否,2025,0
武汉工商学院,第05组,452,127400,物理,不限,否,2025,0
湖北医药学院药护学院,第02组,452,127400,物理,不限,否,2025,0
武汉生物工程学院,第05组,451,128200,物理,不限,否,2025,0
武昌理工学院,第04组,450,129000,物理,不限,否,2025,0
武昌理工学院,第05组,450,129000,物理,不限,否,2025,0
湖北工程学院新技术学院,第03组,450,129000,物理,不限,否,2025,0
湖北师范大学文理学院,第02组,450,129000,物理,不限,否,2025,0
武昌理工学院,第09组,448,130400,物理,不限,否,2025,0
湖北经济学院法商学院,第04组,448,130400,物理,不限,否,2025,0
湖北恩施学院,第08组,448,130400,物理,不限,否,2025,0
武昌理工学院,第08组,447,131100,物理,不限,否,2025,0
湖北医药学院药护学院,第03组,447,131100,物理,不限,否,2025,0
湖北大学知行学院,第03组,446,131800,物理,不限,否,2025,0
文华学院,第04组,443,133900,物理,不限,否,2025,0
武汉华夏理工学院,第05组,443,133900,物理,不限,否,2025,0
武汉华夏理工学院,第03组,442,134600,物理,不限,否,2025,0
武昌理工学院,第10组,442,134600,物理,不限,否,2025,0
湖北文理学院理工学院,第03组,442,134600,物理,不限,否,2025,0
武汉城市学院,第02组,441,135300,物理,不限,否,2025,0
湖北医药学院药护学院,第04组（护理类）,441,135300,物理,不限,否,2025,0
湖北经济学院法商学院,第02组,440,136000,物理,不限,否,2025,0
武汉工程大学邮电与信息工程学院,第03组,439,136600,物理,不限,否,2025,0
湖北恩施学院,第11组（护理类）,439,136600,物理,不限,否,2025,0
武汉体育学院体育科技学院,第02组,438,137200,物理,不限,否,2025,0
武汉纺织大学外经贸学院,第03组,438,137200,物理,不限,否,2025,0
武汉晴川学院,第05组,437,137800,物理,不限,否,2025,0
湖北师范大学文理学院,第03组,437,137800,物理,不限,否,2025,0
武汉学院,第02组,436,138400,物理,不限,否,2025,0
湖北恩施学院,第04组,436,138400,物理,不限,否,2025,0
武汉工程大学邮电与信息工程学院,第05组,435,139000,物理,不限,否,2025,0
武昌工学院,第03组,435,139000,物理,不限,否,2025,0
武汉华夏理工学院,第06组,434,139600,物理,不限,否,2025,0
湖北三峡航空学院,第03组,434,139600,物理,不限,否,2025,0
汉口学院,第03组,433,140200,物理,不限,否,2025,0
武汉城市学院,第03组,433,140200,物理,不限,否,2025,0
武汉纺织大学外经贸学院,第02组,433,140200,物理,不限,否,2025,0
武汉文理学院,第06组,432,140800,物理,不限,否,2025,0
武汉晴川学院,第03组,431,141400,物理,不限,否,2025,0
武汉文理学院,第05组,430,142000,物理,不限,否,2025,0
湖北恩施学院,第09组,430,142000,物理,不限,否,2025,0
湖北三峡航空学院,第02组,429,142500,物理,不限,否,2025,0
武汉传媒学院,第02组,428,143000,物理,不限,否,2025,0
武汉华夏理工学院,第04组,428,143000,物理,不限,否,2025,0
湖北恩施学院,第10组,428,143000,物理,不限,否,2025,0
武汉晴川学院,第06组,427,143500,物理,不限,否,2025,0
武汉工程大学邮电与信息工程学院,第04组,427,143500,物理,不限,否,2025,0
武汉工程大学邮电与信息工程学院,第06组,427,143500,物理,不限,否,2025,0
武汉晴川学院,第04组,426,144000,物理,不限,否,2025,0
汉口学院,第02组,426,144000,物理,不限,否,2025,0
武汉传媒学院,第03组,426,144000,物理,不限,否,2025,0
武汉设计工程学院,第02组,426,144000,物理,不限,否,2025,0
武汉设计工程学院,第03组,426,144000,物理,不限,否,2025,0
武汉设计工程学院,第04组,426,144000,物理,不限,否,2025,0
武汉工程科技学院,第02组,426,144000,物理,不限,否,2025,0
武汉工程科技学院,第03组,426,144000,物理,不限,否,2025,0
武昌理工学院,第11组（中外合作）,426,144000,物理,不限,否,2025,0
武汉工商学院,第04组,426,144000,物理,不限,否,2025,0
武汉工商学院,第06组,426,144000,物理,不限,否,2025,0
武汉工商学院,第07组,426,144000,物理,不限,否,2025,0
荆州学院,第02组,426,144000,物理,不限,否,2025,0
荆州学院,第03组,426,144000,物理,不限,否,2025,0
荆州学院,第04组,426,144000,物理,不限,否,2025,0
武昌工学院,第02组,426,144000,物理,不限,否,2025,0
武汉纺织大学外经贸学院,第04组,426,144000,物理,不限,否,2025,0
湖北恩施学院,第05组,426,144000,物理,不限,否,2025,0
湖北商贸学院,第02组,426,144000,物理,不限,否,2025,0
湖北商贸学院,第03组,426,144000,物理,不限,否,2025,0
武汉生物工程学院,第03组,426,144000,物理,不限,否,2025,0
武汉生物工程学院,第04组,426,144000,物理,不限,否,2025,0
