school_name,group_id,xuanke_req,is_special,group_name,min_score,subject,source
南京体育学院,03,不限,是,南京体育学院03专业组(不限)(中外合作办学),485,物理,eol.cn 征求志愿
江苏第二师范学院,05,不限,否,江苏第二师范学院05专业组(不限),546,物理,eol.cn 征求志愿
徐州工程学院,01,不限,否,徐州工程学院01专业组(不限),540,物理,eol.cn 征求志愿
常州工学院,04,不限,是,常州工学院04专业组(不限)(高校中外学分互认联合培养项目),478,物理,eol.cn 征求志愿
江苏理工学院,02,不限,否,江苏理工学院02专业组(不限),526,物理,eol.cn 征求志愿
常熟理工学院,01,不限,否,常熟理工学院01专业组(不限),525,物理,eol.cn 征求志愿
苏州城市学院,02,不限,是,苏州城市学院02专业组(不限)(高校中外学分互认联合培养项目),498,物理,eol.cn 征求志愿
江苏海洋大学,01,不限,否,江苏海洋大学01专业组(不限),538,物理,eol.cn 征求志愿
淮阴师范学院,05,不限,是,淮阴师范学院05专业组(不限)(高校中外学分互认联合培养项目),496,物理,eol.cn 征求志愿
淮阴工学院,02,不限,否,淮阴工学院02专业组(不限),529,物理,eol.cn 征求志愿
盐城师范学院,03,不限,否,盐城师范学院03专业组(不限),526,物理,eol.cn 征求志愿
江苏大学,02,不限,否,江苏大学02专业组(不限),586,物理,eol.cn 征求志愿
南京理工大学紫金学院,01,不限,否,南京理工大学紫金学院01专业组(不限),562,物理,eol.cn 征求志愿
南京审计大学金审学院,01,不限,否,南京审计大学金审学院01专业组(不限),515,物理,eol.cn 征求志愿
南京工业大学浦江学院,03,不限,是,南京工业大学浦江学院03专业组(不限)(中外合作办学),499,物理,eol.cn 征求志愿
南京财经大学红山学院,01,不限,否,南京财经大学红山学院01专业组(不限),511,物理,eol.cn 征求志愿
中国矿业大学徐海学院,01,不限,否,中国矿业大学徐海学院01专业组(不限),509,物理,eol.cn 征求志愿
江苏师范大学科文学院,01,不限,否,江苏师范大学科文学院01专业组(不限),507,物理,eol.cn 征求志愿
苏州大学应用技术学院,01,不限,否,苏州大学应用技术学院01专业组(不限),509,物理,eol.cn 征求志愿
苏州科技大学天平学院,01,不限,否,苏州科技大学天平学院01专业组(不限),509,物理,eol.cn 征求志愿
南通大学杏林学院,01,不限,否,南通大学杏林学院01专业组(不限),506,物理,eol.cn 征求志愿
江苏大学京江学院,02,生物,否,江苏大学京江学院02专业组(生物),486,物理,eol.cn 征求志愿
南京医科大学康达学院,01,不限,否,南京医科大学康达学院01专业组(不限),514,物理,eol.cn 征求志愿
常州大学怀德学院,01,不限,否,常州大学怀德学院01专业组(不限),506,物理,eol.cn 征求志愿
南京传媒学院,01,不限,否,南京传媒学院01专业组(不限),506,物理,eol.cn 征求志愿
三江学院,01,不限,否,三江学院01专业组(不限),504,物理,eol.cn 征求志愿
无锡太湖学院,01,不限,否,无锡太湖学院01专业组(不限),511,物理,eol.cn 征求志愿
南通理工学院,01,不限,否,南通理工学院01专业组(不限),507,物理,eol.cn 征求志愿
温州大学,01,不限,否,温州大学01专业组(不限),545,物理,eol.cn 征求志愿
安徽医科大学,02,化学,否,安徽医科大学02专业组(化学),481,物理,eol.cn 征求志愿
安徽农业大学,01,不限,否,安徽农业大学01专业组(不限),544,物理,eol.cn 征求志愿
安徽师范大学,02,不限,否,安徽师范大学02专业组(不限),540,物理,eol.cn 征求志愿
江西科技师范大学,02,不限,否,江西科技师范大学02专业组(不限),545,物理,eol.cn 征求志愿
赣南师范大学,03,不限,否,赣南师范大学03专业组(不限),519,物理,eol.cn 征求志愿
景德镇陶瓷大学,02,化学,否,景德镇陶瓷大学02专业组(化学),478,物理,eol.cn 征求志愿
井冈山大学,01,不限,否,井冈山大学01专业组(不限),515,物理,eol.cn 征求志愿
山东财经大学,01,不限,否,山东财经大学01专业组(不限),565,物理,eol.cn 征求志愿
聊城大学,02,不限,是,聊城大学02专业组(不限)(中外合作办学),487,物理,eol.cn 征求志愿
山东工商学院,01,不限,否,山东工商学院01专业组(不限),524,物理,eol.cn 征求志愿
鲁东大学,01,不限,否,鲁东大学01专业组(不限),514,物理,eol.cn 征求志愿
河北环境工程学院,01,不限,否,河北环境工程学院01专业组(不限),519,物理,eol.cn 征求志愿
沈阳工业大学,01,不限,否,沈阳工业大学01专业组(不限),534,物理,eol.cn 征求志愿
吉林建筑大学,02,生物和地理,否,吉林建筑大学02专业组(生物和地理),509,物理,eol.cn 征求志愿
哈尔滨商业大学,01,不限,否,哈尔滨商业大学01专业组(不限),516,物理,eol.cn 征求志愿
南阳师范学院,02,不限,是,南阳师范学院02专业组(不限)(中外合作办学),502,物理,eol.cn 征求志愿
湖北第二师范学院,01,不限,否,湖北第二师范学院01专业组(不限),516,物理,eol.cn 征求志愿
湖南师范大学,01,不限,否,湖南师范大学01专业组(不限),589,物理,eol.cn 征求志愿
湖南工商大学,01,不限,否,湖南工商大学01专业组(不限),534,物理,eol.cn 征求志愿
长沙学院,01,不限,否,长沙学院01专业组(不限),531,物理,eol.cn 征求志愿
湖南财政经济学院,01,不限,否,湖南财政经济学院01专业组(不限),538,物理,eol.cn 征求志愿
湖南工业大学,02,不限,否,湖南工业大学02专业组(不限),533,物理,eol.cn 征求志愿
广东外语外贸大学,01,不限,否,广东外语外贸大学01专业组(不限),533,物理,eol.cn 征求志愿
南宁师范大学,01,不限,否,南宁师范大学01专业组(不限),528,物理,eol.cn 征求志愿
玉林师范学院,02,不限,否,玉林师范学院02专业组(不限),514,物理,eol.cn 征求志愿
广西艺术学院,01,不限,否,广西艺术学院01专业组(不限),503,物理,eol.cn 征求志愿
桂林旅游学院,01,不限,是,桂林旅游学院01专业组(不限)(中外合作办学),478,物理,eol.cn 征求志愿
海南师范大学,01,不限,是,海南师范大学01专业组(不限)(中外合作办学),478,物理,eol.cn 征求志愿
海南热带海洋学院,02,不限,否,海南热带海洋学院02专业组(不限),516,物理,eol.cn 征求志愿
西南大学,01,不限,否,西南大学01专业组(不限),602,物理,eol.cn 征求志愿
新疆农业大学,02,不限,否,新疆农业大学02专业组(不限),526,物理,eol.cn 征求志愿
新疆理工学院,01,不限,否,新疆理工学院01专业组(不限),510,物理,eol.cn 征求志愿
新疆政法学院,01,不限,否,新疆政法学院01专业组(不限),535,物理,eol.cn 征求志愿
上海兴伟学院,01,不限,否,上海兴伟学院01专业组(不限),478,物理,eol.cn 征求志愿
上海外国语大学贤达经济人文学院,01,不限,否,上海外国语大学贤达经济人文学院01专业组(不限),495,物理,eol.cn 征求志愿
上海师范大学天华学院,01,不限,否,上海师范大学天华学院01专业组(不限),478,物理,eol.cn 征求志愿
上海立达学院,01,不限,否,上海立达学院01专业组(不限),510,物理,eol.cn 征求志愿
上海中侨职业技术大学,01,不限,否,上海中侨职业技术大学01专业组(不限),478,物理,eol.cn 征求志愿
浙江万里学院,01,不限,否,浙江万里学院01专业组(不限),509,物理,eol.cn 征求志愿
浙江越秀外国语学院,01,不限,否,浙江越秀外国语学院01专业组(不限),485,物理,eol.cn 征求志愿
安徽外国语学院,01,不限,否,安徽外国语学院01专业组(不限),479,物理,eol.cn 征求志愿
厦门工学院,01,不限,否,厦门工学院01专业组(不限),482,物理,eol.cn 征求志愿
阳光学院,01,不限,否,阳光学院01专业组(不限),478,物理,eol.cn 征求志愿
江西科技学院,01,不限,否,江西科技学院01专业组(不限),488,物理,eol.cn 征求志愿
江西应用科技学院,01,不限,否,江西应用科技学院01专业组(不限),485,物理,eol.cn 征求志愿
江西服装学院,01,不限,否,江西服装学院01专业组(不限),478,物理,eol.cn 征求志愿
南昌工学院,01,不限,否,南昌工学院01专业组(不限),481,物理,eol.cn 征求志愿
南昌交通学院,01,不限,否,南昌交通学院01专业组(不限),479,物理,eol.cn 征求志愿
景德镇艺术职业大学,01,不限,否,景德镇艺术职业大学01专业组(不限),478,物理,eol.cn 征求志愿
江西财经大学现代经济管理学院,02,不限,否,江西财经大学现代经济管理学院02专业组(不限),512,物理,eol.cn 征求志愿
青岛滨海学院,01,不限,否,青岛滨海学院01专业组(不限),489,物理,eol.cn 征求志愿
烟台南山学院,01,不限,否,烟台南山学院01专业组(不限),503,物理,eol.cn 征求志愿
山东英才学院,01,不限,否,山东英才学院01专业组(不限),479,物理,eol.cn 征求志愿
青岛恒星科技学院,01,不限,否,青岛恒星科技学院01专业组(不限),484,物理,eol.cn 征求志愿
泰山科技学院,01,不限,否,泰山科技学院01专业组(不限),482,物理,eol.cn 征求志愿
青岛电影学院,01,不限,否,青岛电影学院01专业组(不限),479,物理,eol.cn 征求志愿
北京城市学院,01,不限,否,北京城市学院01专业组(不限),478,物理,eol.cn 征求志愿
首都师范大学科德学院,01,不限,否,首都师范大学科德学院01专业组(不限),478,物理,eol.cn 征求志愿
北京金融科技学院,01,不限,否,北京金融科技学院01专业组(不限),478,物理,eol.cn 征求志愿
北京邮电大学世纪学院,01,不限,否,北京邮电大学世纪学院01专业组(不限),502,物理,eol.cn 征求志愿
北京工业大学耿丹学院,01,不限,否,北京工业大学耿丹学院01专业组(不限),479,物理,eol.cn 征求志愿
北京第二外国语学院中瑞酒店管理学院,01,不限,否,北京第二外国语学院中瑞酒店管理学院01专业组(不限),478,物理,eol.cn 征求志愿
天津天狮学院,01,不限,否,天津天狮学院01专业组(不限),478,物理,eol.cn 征求志愿
天津传媒学院,01,不限,否,天津传媒学院01专业组(不限),482,物理,eol.cn 征求志愿
天津商业大学宝德学院,01,不限,否,天津商业大学宝德学院01专业组(不限),486,物理,eol.cn 征求志愿
天津仁爱学院,01,不限,否,天津仁爱学院01专业组(不限),478,物理,eol.cn 征求志愿
河北传媒学院,01,不限,否,河北传媒学院01专业组(不限),478,物理,eol.cn 征求志愿
河北科技学院,01,不限,否,河北科技学院01专业组(不限),487,物理,eol.cn 征求志愿
河北外国语学院,01,不限,否,河北外国语学院01专业组(不限),478,物理,eol.cn 征求志愿
华北理工大学轻工学院,01,不限,否,华北理工大学轻工学院01专业组(不限),502,物理,eol.cn 征求志愿
河北地质大学华信学院,01,不限,否,河北地质大学华信学院01专业组(不限),496,物理,eol.cn 征求志愿
保定理工学院,01,不限,否,保定理工学院01专业组(不限),506,物理,eol.cn 征求志愿
燕京理工学院,01,不限,否,燕京理工学院01专业组(不限),487,物理,eol.cn 征求志愿
沧州交通学院,01,不限,否,沧州交通学院01专业组(不限),482,物理,eol.cn 征求志愿
山西应用科技学院,01,不限,否,山西应用科技学院01专业组(不限),503,物理,eol.cn 征求志愿
晋中信息学院,02,生物,否,晋中信息学院02专业组(生物),491,物理,eol.cn 征求志愿
山西晋中理工学院,01,不限,否,山西晋中理工学院01专业组(不限),499,物理,eol.cn 征求志愿
辽宁对外经贸学院,01,不限,否,辽宁对外经贸学院01专业组(不限),478,物理,eol.cn 征求志愿
大连理工大学城市学院,01,不限,否,大连理工大学城市学院01专业组(不限),482,物理,eol.cn 征求志愿
大连科技学院,01,不限,否,大连科技学院01专业组(不限),480,物理,eol.cn 征求志愿
沈阳城市建设学院,01,不限,否,沈阳城市建设学院01专业组(不限),478,物理,eol.cn 征求志愿
大连医科大学中山学院,01,不限,否,大连医科大学中山学院01专业组(不限),480,物理,eol.cn 征求志愿
大连财经学院,01,不限,否,大连财经学院01专业组(不限),487,物理,eol.cn 征求志愿
沈阳城市学院,01,不限,否,沈阳城市学院01专业组(不限),478,物理,eol.cn 征求志愿
吉林外国语大学,01,不限,是,吉林外国语大学01专业组(不限)(中外合作办学),478,物理,eol.cn 征求志愿
长春光华学院,01,不限,否,长春光华学院01专业组(不限),495,物理,eol.cn 征求志愿
长春工业大学人文信息学院,01,不限,否,长春工业大学人文信息学院01专业组(不限),482,物理,eol.cn 征求志愿
长春电子科技学院,01,不限,否,长春电子科技学院01专业组(不限),501,物理,eol.cn 征求志愿
长春财经学院,01,不限,否,长春财经学院01专业组(不限),478,物理,eol.cn 征求志愿
吉林建筑科技学院,01,不限,否,吉林建筑科技学院01专业组(不限),483,物理,eol.cn 征求志愿
长春科技学院,01,不限,否,长春科技学院01专业组(不限),478,物理,eol.cn 征求志愿
吉林师范大学博达学院,01,不限,否,吉林师范大学博达学院01专业组(不限),478,物理,eol.cn 征求志愿
长春大学旅游学院,01,不限,否,长春大学旅游学院01专业组(不限),478,物理,eol.cn 征求志愿
长春人文学院,01,不限,否,长春人文学院01专业组(不限),478,物理,eol.cn 征求志愿
黑龙江东方学院,01,不限,否,黑龙江东方学院01专业组(不限),478,物理,eol.cn 征求志愿
黑龙江财经学院,01,不限,否,黑龙江财经学院01专业组(不限),478,物理,eol.cn 征求志愿
哈尔滨石油学院,01,不限,否,哈尔滨石油学院01专业组(不限),478,物理,eol.cn 征求志愿
哈尔滨华德学院,01,不限,否,哈尔滨华德学院01专业组(不限),478,物理,eol.cn 征求志愿
郑州西亚斯学院,01,不限,是,郑州西亚斯学院01专业组(不限)(中外合作办学),478,物理,eol.cn 征求志愿
武汉东湖学院,01,不限,否,武汉东湖学院01专业组(不限),478,物理,eol.cn 征求志愿
汉口学院,01,不限,否,汉口学院01专业组(不限),478,物理,eol.cn 征求志愿
武汉晴川学院,01,不限,否,武汉晴川学院01专业组(不限),503,物理,eol.cn 征求志愿
湖北大学知行学院,02,不限,否,湖北大学知行学院02专业组(不限),482,物理,eol.cn 征求志愿
武汉工程大学邮电与信息工程学院,01,不限,否,武汉工程大学邮电与信息工程学院01专业组(不限),492,物理,eol.cn 征求志愿
武汉纺织大学外经贸学院,01,不限,否,武汉纺织大学外经贸学院01专业组(不限),487,物理,eol.cn 征求志愿
武昌工学院,01,不限,否,武昌工学院01专业组(不限),483,物理,eol.cn 征求志愿
武汉体育学院体育科技学院,01,不限,否,武汉体育学院体育科技学院01专业组(不限),478,物理,eol.cn 征求志愿
湖北文理学院理工学院,01,不限,否,湖北文理学院理工学院01专业组(不限),507,物理,eol.cn 征求志愿
武汉工程科技学院,01,不限,否,武汉工程科技学院01专业组(不限),494,物理,eol.cn 征求志愿
武汉华夏理工学院,01,不限,否,武汉华夏理工学院01专业组(不限),483,物理,eol.cn 征求志愿
武汉传媒学院,01,不限,否,武汉传媒学院01专业组(不限),480,物理,eol.cn 征求志愿
武汉设计工程学院,01,不限,否,武汉设计工程学院01专业组(不限),480,物理,eol.cn 征求志愿
长沙医学院,01,不限,否,长沙医学院01专业组(不限),482,物理,eol.cn 征求志愿
湖南涉外经济学院,01,不限,否,湖南涉外经济学院01专业组(不限),489,物理,eol.cn 征求志愿
张家界学院,01,不限,否,张家界学院01专业组(不限),482,物理,eol.cn 征求志愿
广东白云学院,01,不限,否,广东白云学院01专业组(不限),484,物理,eol.cn 征求志愿
电子科技大学中山学院,01,不限,否,电子科技大学中山学院01专业组(不限),501,物理,eol.cn 征求志愿
广州城市理工学院,01,不限,否,广州城市理工学院01专业组(不限),478,物理,eol.cn 征求志愿
广州南方学院,01,不限,否,广州南方学院01专业组(不限),519,物理,eol.cn 征求志愿
广东外语外贸大学南国商学院,01,不限,否,广东外语外贸大学南国商学院01专业组(不限),479,物理,eol.cn 征求志愿
广州工商学院,01,不限,否,广州工商学院01专业组(不限),478,物理,eol.cn 征求志愿
东莞城市学院,01,不限,否,东莞城市学院01专业组(不限),481,物理,eol.cn 征求志愿
华南农业大学珠江学院,01,不限,否,华南农业大学珠江学院01专业组(不限),495,物理,eol.cn 征求志愿
广州华立学院,01,不限,否,广州华立学院01专业组(不限),478,物理,eol.cn 征求志愿
广州新华学院,01,不限,否,广州新华学院01专业组(不限),478,物理,eol.cn 征求志愿
广东理工学院,01,不限,否,广东理工学院01专业组(不限),478,物理,eol.cn 征求志愿
桂林学院,01,不限,否,桂林学院01专业组(不限),506,物理,eol.cn 征求志愿
桂林信息科技学院,01,不限,否,桂林信息科技学院01专业组(不限),478,物理,eol.cn 征求志愿
广西外国语学院,01,不限,否,广西外国语学院01专业组(不限),478,物理,eol.cn 征求志愿
海口经济学院,01,不限,否,海口经济学院01专业组(不限),478,物理,eol.cn 征求志愿
三亚学院,01,不限,是,三亚学院01专业组(不限)(中外合作办学),478,物理,eol.cn 征求志愿
海南科技职业大学,01,不限,否,海南科技职业大学01专业组(不限),478,物理,eol.cn 征求志愿
电子科技大学成都学院,01,不限,否,电子科技大学成都学院01专业组(不限),504,物理,eol.cn 征求志愿
四川传媒学院,01,不限,否,四川传媒学院01专业组(不限),484,物理,eol.cn 征求志愿
成都银杏酒店管理学院,01,不限,否,成都银杏酒店管理学院01专业组(不限),502,物理,eol.cn 征求志愿
四川工商学院,01,不限,否,四川工商学院01专业组(不限),494,物理,eol.cn 征求志愿
成都外国语学院,01,不限,否,成都外国语学院01专业组(不限),491,物理,eol.cn 征求志愿
四川文化艺术学院,01,不限,否,四川文化艺术学院01专业组(不限),478,物理,eol.cn 征求志愿
四川电影电视学院,01,不限,否,四川电影电视学院01专业组(不限),482,物理,eol.cn 征求志愿
吉利学院,01,不限,否,吉利学院01专业组(不限),478,物理,eol.cn 征求志愿
重庆城市科技学院,01,不限,否,重庆城市科技学院01专业组(不限),498,物理,eol.cn 征求志愿
重庆对外经贸学院,01,不限,否,重庆对外经贸学院01专业组(不限),496,物理,eol.cn 征求志愿
重庆移通学院,01,不限,否,重庆移通学院01专业组(不限),491,物理,eol.cn 征求志愿
重庆人文科技学院,01,不限,否,重庆人文科技学院01专业组(不限),504,物理,eol.cn 征求志愿
贵阳人文科技学院,01,不限,否,贵阳人文科技学院01专业组(不限),483,物理,eol.cn 征求志愿
贵阳信息科技学院,01,不限,否,贵阳信息科技学院01专业组(不限),478,物理,eol.cn 征求志愿
滇池学院,01,不限,否,滇池学院01专业组(不限),479,物理,eol.cn 征求志愿
丽江文化旅游学院,01,不限,否,丽江文化旅游学院01专业组(不限),478,物理,eol.cn 征求志愿
昆明城市学院,01,不限,否,昆明城市学院01专业组(不限),478,物理,eol.cn 征求志愿
昆明医科大学海源学院,01,不限,否,昆明医科大学海源学院01专业组(不限),488,物理,eol.cn 征求志愿
昆明传媒学院,01,不限,否,昆明传媒学院01专业组(不限),479,物理,eol.cn 征求志愿
昆明文理学院,01,不限,否,昆明文理学院01专业组(不限),482,物理,eol.cn 征求志愿
昆明理工大学津桥学院,01,不限,否,昆明理工大学津桥学院01专业组(不限),478,物理,eol.cn 征求志愿
云南经济管理学院,01,不限,否,云南经济管理学院01专业组(不限),478,物理,eol.cn 征求志愿
西安培华学院,01,不限,否,西安培华学院01专业组(不限),501,物理,eol.cn 征求志愿
西安欧亚学院,01,不限,否,西安欧亚学院01专业组(不限),478,物理,eol.cn 征求志愿
西安外事学院,01,不限,否,西安外事学院01专业组(不限),480,物理,eol.cn 征求志愿
西安翻译学院,01,不限,否,西安翻译学院01专业组(不限),480,物理,eol.cn 征求志愿
西安思源学院,01,不限,否,西安思源学院01专业组(不限),486,物理,eol.cn 征求志愿
陕西国际商贸学院,01,不限,否,陕西国际商贸学院01专业组(不限),478,物理,eol.cn 征求志愿
西安财经大学行知学院,01,不限,否,西安财经大学行知学院01专业组(不限),489,物理,eol.cn 征求志愿
西安工商学院,01,不限,否,西安工商学院01专业组(不限),481,物理,eol.cn 征求志愿
西安科技大学高新学院,01,不限,否,西安科技大学高新学院01专业组(不限),490,物理,eol.cn 征求志愿
兰州工商学院,01,不限,否,兰州工商学院01专业组(不限),480,物理,eol.cn 征求志愿
宁夏理工学院,01,不限,否,宁夏理工学院01专业组(不限),481,物理,eol.cn 征求志愿
银川能源学院,01,不限,否,银川能源学院01专业组(不限),478,物理,eol.cn 征求志愿
南京体育学院,03,不限,是,南京体育学院03专业组(不限)(中外合作办学),485,历史,eol.cn 征求志愿
江苏第二师范学院,05,不限,否,江苏第二师范学院05专业组(不限),546,历史,eol.cn 征求志愿
徐州工程学院,01,不限,否,徐州工程学院01专业组(不限),540,历史,eol.cn 征求志愿
常州工学院,04,不限,是,常州工学院04专业组(不限)(高校中外学分互认联合培养项目),478,历史,eol.cn 征求志愿
江苏理工学院,02,不限,否,江苏理工学院02专业组(不限),526,历史,eol.cn 征求志愿
常熟理工学院,01,不限,否,常熟理工学院01专业组(不限),525,历史,eol.cn 征求志愿
苏州城市学院,02,不限,是,苏州城市学院02专业组(不限)(高校中外学分互认联合培养项目),498,历史,eol.cn 征求志愿
江苏海洋大学,01,不限,否,江苏海洋大学01专业组(不限),538,历史,eol.cn 征求志愿
淮阴师范学院,05,不限,是,淮阴师范学院05专业组(不限)(高校中外学分互认联合培养项目),496,历史,eol.cn 征求志愿
淮阴工学院,02,不限,否,淮阴工学院02专业组(不限),529,历史,eol.cn 征求志愿
盐城师范学院,03,不限,否,盐城师范学院03专业组(不限),526,历史,eol.cn 征求志愿
江苏大学,02,不限,否,江苏大学02专业组(不限),586,历史,eol.cn 征求志愿
南京理工大学紫金学院,01,不限,否,南京理工大学紫金学院01专业组(不限),562,历史,eol.cn 征求志愿
南京审计大学金审学院,01,不限,否,南京审计大学金审学院01专业组(不限),515,历史,eol.cn 征求志愿
南京工业大学浦江学院,03,不限,是,南京工业大学浦江学院03专业组(不限)(中外合作办学),499,历史,eol.cn 征求志愿
南京财经大学红山学院,01,不限,否,南京财经大学红山学院01专业组(不限),511,历史,eol.cn 征求志愿
中国矿业大学徐海学院,01,不限,否,中国矿业大学徐海学院01专业组(不限),509,历史,eol.cn 征求志愿
江苏师范大学科文学院,01,不限,否,江苏师范大学科文学院01专业组(不限),507,历史,eol.cn 征求志愿
苏州大学应用技术学院,01,不限,否,苏州大学应用技术学院01专业组(不限),509,历史,eol.cn 征求志愿
苏州科技大学天平学院,01,不限,否,苏州科技大学天平学院01专业组(不限),509,历史,eol.cn 征求志愿
南通大学杏林学院,01,不限,否,南通大学杏林学院01专业组(不限),506,历史,eol.cn 征求志愿
江苏大学京江学院,02,生物,否,江苏大学京江学院02专业组(生物),486,历史,eol.cn 征求志愿
南京医科大学康达学院,01,不限,否,南京医科大学康达学院01专业组(不限),514,历史,eol.cn 征求志愿
常州大学怀德学院,01,不限,否,常州大学怀德学院01专业组(不限),506,历史,eol.cn 征求志愿
南京传媒学院,01,不限,否,南京传媒学院01专业组(不限),506,历史,eol.cn 征求志愿
三江学院,01,不限,否,三江学院01专业组(不限),504,历史,eol.cn 征求志愿
无锡太湖学院,01,不限,否,无锡太湖学院01专业组(不限),511,历史,eol.cn 征求志愿
南通理工学院,01,不限,否,南通理工学院01专业组(不限),507,历史,eol.cn 征求志愿
温州大学,01,不限,否,温州大学01专业组(不限),545,历史,eol.cn 征求志愿
安徽医科大学,02,化学,否,安徽医科大学02专业组(化学),481,历史,eol.cn 征求志愿
安徽农业大学,01,不限,否,安徽农业大学01专业组(不限),544,历史,eol.cn 征求志愿
安徽师范大学,02,不限,否,安徽师范大学02专业组(不限),540,历史,eol.cn 征求志愿
江西科技师范大学,02,不限,否,江西科技师范大学02专业组(不限),545,历史,eol.cn 征求志愿
赣南师范大学,03,不限,否,赣南师范大学03专业组(不限),519,历史,eol.cn 征求志愿
景德镇陶瓷大学,02,化学,否,景德镇陶瓷大学02专业组(化学),478,历史,eol.cn 征求志愿
井冈山大学,01,不限,否,井冈山大学01专业组(不限),515,历史,eol.cn 征求志愿
山东财经大学,01,不限,否,山东财经大学01专业组(不限),565,历史,eol.cn 征求志愿
聊城大学,02,不限,是,聊城大学02专业组(不限)(中外合作办学),487,历史,eol.cn 征求志愿
山东工商学院,01,不限,否,山东工商学院01专业组(不限),524,历史,eol.cn 征求志愿
鲁东大学,01,不限,否,鲁东大学01专业组(不限),514,历史,eol.cn 征求志愿
河北环境工程学院,01,不限,否,河北环境工程学院01专业组(不限),519,历史,eol.cn 征求志愿
沈阳工业大学,01,不限,否,沈阳工业大学01专业组(不限),534,历史,eol.cn 征求志愿
吉林建筑大学,02,生物和地理,否,吉林建筑大学02专业组(生物和地理),509,历史,eol.cn 征求志愿
哈尔滨商业大学,01,不限,否,哈尔滨商业大学01专业组(不限),516,历史,eol.cn 征求志愿
南阳师范学院,02,不限,是,南阳师范学院02专业组(不限)(中外合作办学),502,历史,eol.cn 征求志愿
湖北第二师范学院,01,不限,否,湖北第二师范学院01专业组(不限),516,历史,eol.cn 征求志愿
湖南师范大学,01,不限,否,湖南师范大学01专业组(不限),589,历史,eol.cn 征求志愿
湖南工商大学,01,不限,否,湖南工商大学01专业组(不限),534,历史,eol.cn 征求志愿
长沙学院,01,不限,否,长沙学院01专业组(不限),531,历史,eol.cn 征求志愿
湖南财政经济学院,01,不限,否,湖南财政经济学院01专业组(不限),538,历史,eol.cn 征求志愿
湖南工业大学,02,不限,否,湖南工业大学02专业组(不限),533,历史,eol.cn 征求志愿
广东外语外贸大学,01,不限,否,广东外语外贸大学01专业组(不限),533,历史,eol.cn 征求志愿
南宁师范大学,01,不限,否,南宁师范大学01专业组(不限),528,历史,eol.cn 征求志愿
玉林师范学院,02,不限,否,玉林师范学院02专业组(不限),514,历史,eol.cn 征求志愿
广西艺术学院,01,不限,否,广西艺术学院01专业组(不限),503,历史,eol.cn 征求志愿
桂林旅游学院,01,不限,是,桂林旅游学院01专业组(不限)(中外合作办学),478,历史,eol.cn 征求志愿
海南师范大学,01,不限,是,海南师范大学01专业组(不限)(中外合作办学),478,历史,eol.cn 征求志愿
海南热带海洋学院,02,不限,否,海南热带海洋学院02专业组(不限),516,历史,eol.cn 征求志愿
西南大学,01,不限,否,西南大学01专业组(不限),602,历史,eol.cn 征求志愿
新疆农业大学,02,不限,否,新疆农业大学02专业组(不限),526,历史,eol.cn 征求志愿
新疆理工学院,01,不限,否,新疆理工学院01专业组(不限),510,历史,eol.cn 征求志愿
新疆政法学院,01,不限,否,新疆政法学院01专业组(不限),535,历史,eol.cn 征求志愿
上海兴伟学院,01,不限,否,上海兴伟学院01专业组(不限),478,历史,eol.cn 征求志愿
上海外国语大学贤达经济人文学院,01,不限,否,上海外国语大学贤达经济人文学院01专业组(不限),495,历史,eol.cn 征求志愿
上海师范大学天华学院,01,不限,否,上海师范大学天华学院01专业组(不限),478,历史,eol.cn 征求志愿
上海立达学院,01,不限,否,上海立达学院01专业组(不限),510,历史,eol.cn 征求志愿
上海中侨职业技术大学,01,不限,否,上海中侨职业技术大学01专业组(不限),478,历史,eol.cn 征求志愿
浙江万里学院,01,不限,否,浙江万里学院01专业组(不限),509,历史,eol.cn 征求志愿
浙江越秀外国语学院,01,不限,否,浙江越秀外国语学院01专业组(不限),485,历史,eol.cn 征求志愿
安徽外国语学院,01,不限,否,安徽外国语学院01专业组(不限),479,历史,eol.cn 征求志愿
厦门工学院,01,不限,否,厦门工学院01专业组(不限),482,历史,eol.cn 征求志愿
阳光学院,01,不限,否,阳光学院01专业组(不限),478,历史,eol.cn 征求志愿
江西科技学院,01,不限,否,江西科技学院01专业组(不限),488,历史,eol.cn 征求志愿
江西应用科技学院,01,不限,否,江西应用科技学院01专业组(不限),485,历史,eol.cn 征求志愿
江西服装学院,01,不限,否,江西服装学院01专业组(不限),478,历史,eol.cn 征求志愿
南昌工学院,01,不限,否,南昌工学院01专业组(不限),481,历史,eol.cn 征求志愿
南昌交通学院,01,不限,否,南昌交通学院01专业组(不限),479,历史,eol.cn 征求志愿
景德镇艺术职业大学,01,不限,否,景德镇艺术职业大学01专业组(不限),478,历史,eol.cn 征求志愿
江西财经大学现代经济管理学院,02,不限,否,江西财经大学现代经济管理学院02专业组(不限),512,历史,eol.cn 征求志愿
青岛滨海学院,01,不限,否,青岛滨海学院01专业组(不限),489,历史,eol.cn 征求志愿
烟台南山学院,01,不限,否,烟台南山学院01专业组(不限),503,历史,eol.cn 征求志愿
山东英才学院,01,不限,否,山东英才学院01专业组(不限),479,历史,eol.cn 征求志愿
青岛恒星科技学院,01,不限,否,青岛恒星科技学院01专业组(不限),484,历史,eol.cn 征求志愿
泰山科技学院,01,不限,否,泰山科技学院01专业组(不限),482,历史,eol.cn 征求志愿
青岛电影学院,01,不限,否,青岛电影学院01专业组(不限),479,历史,eol.cn 征求志愿
北京城市学院,01,不限,否,北京城市学院01专业组(不限),478,历史,eol.cn 征求志愿
首都师范大学科德学院,01,不限,否,首都师范大学科德学院01专业组(不限),478,历史,eol.cn 征求志愿
北京金融科技学院,01,不限,否,北京金融科技学院01专业组(不限),478,历史,eol.cn 征求志愿
北京邮电大学世纪学院,01,不限,否,北京邮电大学世纪学院01专业组(不限),502,历史,eol.cn 征求志愿
北京工业大学耿丹学院,01,不限,否,北京工业大学耿丹学院01专业组(不限),479,历史,eol.cn 征求志愿
北京第二外国语学院中瑞酒店管理学院,01,不限,否,北京第二外国语学院中瑞酒店管理学院01专业组(不限),478,历史,eol.cn 征求志愿
天津天狮学院,01,不限,否,天津天狮学院01专业组(不限),478,历史,eol.cn 征求志愿
天津传媒学院,01,不限,否,天津传媒学院01专业组(不限),482,历史,eol.cn 征求志愿
天津商业大学宝德学院,01,不限,否,天津商业大学宝德学院01专业组(不限),486,历史,eol.cn 征求志愿
天津仁爱学院,01,不限,否,天津仁爱学院01专业组(不限),478,历史,eol.cn 征求志愿
河北传媒学院,01,不限,否,河北传媒学院01专业组(不限),478,历史,eol.cn 征求志愿
河北科技学院,01,不限,否,河北科技学院01专业组(不限),487,历史,eol.cn 征求志愿
河北外国语学院,01,不限,否,河北外国语学院01专业组(不限),478,历史,eol.cn 征求志愿
华北理工大学轻工学院,01,不限,否,华北理工大学轻工学院01专业组(不限),502,历史,eol.cn 征求志愿
河北地质大学华信学院,01,不限,否,河北地质大学华信学院01专业组(不限),496,历史,eol.cn 征求志愿
保定理工学院,01,不限,否,保定理工学院01专业组(不限),506,历史,eol.cn 征求志愿
燕京理工学院,01,不限,否,燕京理工学院01专业组(不限),487,历史,eol.cn 征求志愿
沧州交通学院,01,不限,否,沧州交通学院01专业组(不限),482,历史,eol.cn 征求志愿
山西应用科技学院,01,不限,否,山西应用科技学院01专业组(不限),503,历史,eol.cn 征求志愿
晋中信息学院,02,生物,否,晋中信息学院02专业组(生物),491,历史,eol.cn 征求志愿
山西晋中理工学院,01,不限,否,山西晋中理工学院01专业组(不限),499,历史,eol.cn 征求志愿
辽宁对外经贸学院,01,不限,否,辽宁对外经贸学院01专业组(不限),478,历史,eol.cn 征求志愿
大连理工大学城市学院,01,不限,否,大连理工大学城市学院01专业组(不限),482,历史,eol.cn 征求志愿
大连科技学院,01,不限,否,大连科技学院01专业组(不限),480,历史,eol.cn 征求志愿
沈阳城市建设学院,01,不限,否,沈阳城市建设学院01专业组(不限),478,历史,eol.cn 征求志愿
大连医科大学中山学院,01,不限,否,大连医科大学中山学院01专业组(不限),480,历史,eol.cn 征求志愿
大连财经学院,01,不限,否,大连财经学院01专业组(不限),487,历史,eol.cn 征求志愿
沈阳城市学院,01,不限,否,沈阳城市学院01专业组(不限),478,历史,eol.cn 征求志愿
吉林外国语大学,01,不限,是,吉林外国语大学01专业组(不限)(中外合作办学),478,历史,eol.cn 征求志愿
长春光华学院,01,不限,否,长春光华学院01专业组(不限),495,历史,eol.cn 征求志愿
长春工业大学人文信息学院,01,不限,否,长春工业大学人文信息学院01专业组(不限),482,历史,eol.cn 征求志愿
长春电子科技学院,01,不限,否,长春电子科技学院01专业组(不限),501,历史,eol.cn 征求志愿
长春财经学院,01,不限,否,长春财经学院01专业组(不限),478,历史,eol.cn 征求志愿
吉林建筑科技学院,01,不限,否,吉林建筑科技学院01专业组(不限),483,历史,eol.cn 征求志愿
长春科技学院,01,不限,否,长春科技学院01专业组(不限),478,历史,eol.cn 征求志愿
吉林师范大学博达学院,01,不限,否,吉林师范大学博达学院01专业组(不限),478,历史,eol.cn 征求志愿
长春大学旅游学院,01,不限,否,长春大学旅游学院01专业组(不限),478,历史,eol.cn 征求志愿
长春人文学院,01,不限,否,长春人文学院01专业组(不限),478,历史,eol.cn 征求志愿
黑龙江东方学院,01,不限,否,黑龙江东方学院01专业组(不限),478,历史,eol.cn 征求志愿
黑龙江财经学院,01,不限,否,黑龙江财经学院01专业组(不限),478,历史,eol.cn 征求志愿
哈尔滨石油学院,01,不限,否,哈尔滨石油学院01专业组(不限),478,历史,eol.cn 征求志愿
哈尔滨华德学院,01,不限,否,哈尔滨华德学院01专业组(不限),478,历史,eol.cn 征求志愿
郑州西亚斯学院,01,不限,是,郑州西亚斯学院01专业组(不限)(中外合作办学),478,历史,eol.cn 征求志愿
武汉东湖学院,01,不限,否,武汉东湖学院01专业组(不限),478,历史,eol.cn 征求志愿
汉口学院,01,不限,否,汉口学院01专业组(不限),478,历史,eol.cn 征求志愿
武汉晴川学院,01,不限,否,武汉晴川学院01专业组(不限),503,历史,eol.cn 征求志愿
湖北大学知行学院,02,不限,否,湖北大学知行学院02专业组(不限),482,历史,eol.cn 征求志愿
武汉工程大学邮电与信息工程学院,01,不限,否,武汉工程大学邮电与信息工程学院01专业组(不限),492,历史,eol.cn 征求志愿
武汉纺织大学外经贸学院,01,不限,否,武汉纺织大学外经贸学院01专业组(不限),487,历史,eol.cn 征求志愿
武昌工学院,01,不限,否,武昌工学院01专业组(不限),483,历史,eol.cn 征求志愿
武汉体育学院体育科技学院,01,不限,否,武汉体育学院体育科技学院01专业组(不限),478,历史,eol.cn 征求志愿
湖北文理学院理工学院,01,不限,否,湖北文理学院理工学院01专业组(不限),507,历史,eol.cn 征求志愿
武汉工程科技学院,01,不限,否,武汉工程科技学院01专业组(不限),494,历史,eol.cn 征求志愿
武汉华夏理工学院,01,不限,否,武汉华夏理工学院01专业组(不限),483,历史,eol.cn 征求志愿
武汉传媒学院,01,不限,否,武汉传媒学院01专业组(不限),480,历史,eol.cn 征求志愿
武汉设计工程学院,01,不限,否,武汉设计工程学院01专业组(不限),480,历史,eol.cn 征求志愿
长沙医学院,01,不限,否,长沙医学院01专业组(不限),482,历史,eol.cn 征求志愿
湖南涉外经济学院,01,不限,否,湖南涉外经济学院01专业组(不限),489,历史,eol.cn 征求志愿
张家界学院,01,不限,否,张家界学院01专业组(不限),482,历史,eol.cn 征求志愿
广东白云学院,01,不限,否,广东白云学院01专业组(不限),484,历史,eol.cn 征求志愿
电子科技大学中山学院,01,不限,否,电子科技大学中山学院01专业组(不限),501,历史,eol.cn 征求志愿
广州城市理工学院,01,不限,否,广州城市理工学院01专业组(不限),478,历史,eol.cn 征求志愿
广州南方学院,01,不限,否,广州南方学院01专业组(不限),519,历史,eol.cn 征求志愿
广东外语外贸大学南国商学院,01,不限,否,广东外语外贸大学南国商学院01专业组(不限),479,历史,eol.cn 征求志愿
广州工商学院,01,不限,否,广州工商学院01专业组(不限),478,历史,eol.cn 征求志愿
东莞城市学院,01,不限,否,东莞城市学院01专业组(不限),481,历史,eol.cn 征求志愿
华南农业大学珠江学院,01,不限,否,华南农业大学珠江学院01专业组(不限),495,历史,eol.cn 征求志愿
广州华立学院,01,不限,否,广州华立学院01专业组(不限),478,历史,eol.cn 征求志愿
广州新华学院,01,不限,否,广州新华学院01专业组(不限),478,历史,eol.cn 征求志愿
广东理工学院,01,不限,否,广东理工学院01专业组(不限),478,历史,eol.cn 征求志愿
桂林学院,01,不限,否,桂林学院01专业组(不限),506,历史,eol.cn 征求志愿
桂林信息科技学院,01,不限,否,桂林信息科技学院01专业组(不限),478,历史,eol.cn 征求志愿
广西外国语学院,01,不限,否,广西外国语学院01专业组(不限),478,历史,eol.cn 征求志愿
海口经济学院,01,不限,否,海口经济学院01专业组(不限),478,历史,eol.cn 征求志愿
三亚学院,01,不限,是,三亚学院01专业组(不限)(中外合作办学),478,历史,eol.cn 征求志愿
海南科技职业大学,01,不限,否,海南科技职业大学01专业组(不限),478,历史,eol.cn 征求志愿
电子科技大学成都学院,01,不限,否,电子科技大学成都学院01专业组(不限),504,历史,eol.cn 征求志愿
四川传媒学院,01,不限,否,四川传媒学院01专业组(不限),484,历史,eol.cn 征求志愿
成都银杏酒店管理学院,01,不限,否,成都银杏酒店管理学院01专业组(不限),502,历史,eol.cn 征求志愿
四川工商学院,01,不限,否,四川工商学院01专业组(不限),494,历史,eol.cn 征求志愿
成都外国语学院,01,不限,否,成都外国语学院01专业组(不限),491,历史,eol.cn 征求志愿
四川文化艺术学院,01,不限,否,四川文化艺术学院01专业组(不限),478,历史,eol.cn 征求志愿
四川电影电视学院,01,不限,否,四川电影电视学院01专业组(不限),482,历史,eol.cn 征求志愿
吉利学院,01,不限,否,吉利学院01专业组(不限),478,历史,eol.cn 征求志愿
重庆城市科技学院,01,不限,否,重庆城市科技学院01专业组(不限),498,历史,eol.cn 征求志愿
重庆对外经贸学院,01,不限,否,重庆对外经贸学院01专业组(不限),496,历史,eol.cn 征求志愿
重庆移通学院,01,不限,否,重庆移通学院01专业组(不限),491,历史,eol.cn 征求志愿
重庆人文科技学院,01,不限,否,重庆人文科技学院01专业组(不限),504,历史,eol.cn 征求志愿
贵阳人文科技学院,01,不限,否,贵阳人文科技学院01专业组(不限),483,历史,eol.cn 征求志愿
贵阳信息科技学院,01,不限,否,贵阳信息科技学院01专业组(不限),478,历史,eol.cn 征求志愿
滇池学院,01,不限,否,滇池学院01专业组(不限),479,历史,eol.cn 征求志愿
丽江文化旅游学院,01,不限,否,丽江文化旅游学院01专业组(不限),478,历史,eol.cn 征求志愿
昆明城市学院,01,不限,否,昆明城市学院01专业组(不限),478,历史,eol.cn 征求志愿
昆明医科大学海源学院,01,不限,否,昆明医科大学海源学院01专业组(不限),488,历史,eol.cn 征求志愿
昆明传媒学院,01,不限,否,昆明传媒学院01专业组(不限),479,历史,eol.cn 征求志愿
昆明文理学院,01,不限,否,昆明文理学院01专业组(不限),482,历史,eol.cn 征求志愿
昆明理工大学津桥学院,01,不限,否,昆明理工大学津桥学院01专业组(不限),478,历史,eol.cn 征求志愿
云南经济管理学院,01,不限,否,云南经济管理学院01专业组(不限),478,历史,eol.cn 征求志愿
西安培华学院,01,不限,否,西安培华学院01专业组(不限),501,历史,eol.cn 征求志愿
西安欧亚学院,01,不限,否,西安欧亚学院01专业组(不限),478,历史,eol.cn 征求志愿
西安外事学院,01,不限,否,西安外事学院01专业组(不限),480,历史,eol.cn 征求志愿
西安翻译学院,01,不限,否,西安翻译学院01专业组(不限),480,历史,eol.cn 征求志愿
西安思源学院,01,不限,否,西安思源学院01专业组(不限),486,历史,eol.cn 征求志愿
陕西国际商贸学院,01,不限,否,陕西国际商贸学院01专业组(不限),478,历史,eol.cn 征求志愿
西安财经大学行知学院,01,不限,否,西安财经大学行知学院01专业组(不限),489,历史,eol.cn 征求志愿
西安工商学院,01,不限,否,西安工商学院01专业组(不限),481,历史,eol.cn 征求志愿
西安科技大学高新学院,01,不限,否,西安科技大学高新学院01专业组(不限),490,历史,eol.cn 征求志愿
兰州工商学院,01,不限,否,兰州工商学院01专业组(不限),480,历史,eol.cn 征求志愿
宁夏理工学院,01,不限,否,宁夏理工学院01专业组(不限),481,历史,eol.cn 征求志愿
银川能源学院,01,不限,否,银川能源学院01专业组(不限),478,历史,eol.cn 征求志愿
